<resources>
    <!-- Default screen margins, per the Android Design guidelines. -->
    <dimen name="activity_horizontal_margin">16dp</dimen>
    <dimen name="activity_vertical_margin">16dp</dimen>


    <dimen name="DIMEN_1PX">1px</dimen>
    <dimen name="DIMEN_2PX">2px</dimen>
    <dimen name="DIMEN_3PX">3px</dimen>
    <dimen name="DIMEN_4PX">4px</dimen>
    <dimen name="DIMEN_5PX">5px</dimen>
    <dimen name="DIMEN_6PX">6px</dimen>
    <dimen name="DIMEN_7PX">7px</dimen>
    <dimen name="DIMEN_8PX">8px</dimen>
    <dimen name="DIMEN_9PX">9px</dimen>
    <dimen name="DIMEN_10PX">10px</dimen>
    <dimen name="DIMEN_11PX">11px</dimen>
    <dimen name="DIMEN_12PX">12px</dimen>
    <dimen name="DIMEN_13PX">13px</dimen>
    <dimen name="DIMEN_14PX">14px</dimen>
    <dimen name="DIMEN_15PX">15px</dimen>
    <dimen name="DIMEN_16PX">16px</dimen>
    <dimen name="DIMEN_17PX">17px</dimen>
    <dimen name="DIMEN_18PX">18px</dimen>
    <dimen name="DIMEN_19PX">19px</dimen>
    <dimen name="DIMEN_20PX">20px</dimen>
    <dimen name="DIMEN_21PX">21px</dimen>
    <dimen name="DIMEN_22PX">22px</dimen>
    <dimen name="DIMEN_23PX">23px</dimen>
    <dimen name="DIMEN_24PX">24px</dimen>
    <dimen name="DIMEN_25PX">25px</dimen>
    <dimen name="DIMEN_26PX">26px</dimen>
    <dimen name="DIMEN_27PX">27px</dimen>
    <dimen name="DIMEN_28PX">28px</dimen>
    <dimen name="DIMEN_29PX">29px</dimen>
    <dimen name="DIMEN_30PX">30px</dimen>
    <dimen name="DIMEN_31PX">31px</dimen>
    <dimen name="DIMEN_32PX">32px</dimen>
    <dimen name="DIMEN_33PX">33px</dimen>
    <dimen name="DIMEN_34PX">34px</dimen>
    <dimen name="DIMEN_35PX">35px</dimen>
    <dimen name="DIMEN_36PX">36px</dimen>
    <dimen name="DIMEN_37PX">37px</dimen>
    <dimen name="DIMEN_38PX">38px</dimen>
    <dimen name="DIMEN_39PX">39px</dimen>
    <dimen name="DIMEN_40PX">40px</dimen>
    <dimen name="DIMEN_41PX">41px</dimen>
    <dimen name="DIMEN_42PX">42px</dimen>
    <dimen name="DIMEN_43PX">43px</dimen>
    <dimen name="DIMEN_44PX">44px</dimen>
    <dimen name="DIMEN_45PX">45px</dimen>
    <dimen name="DIMEN_46PX">46px</dimen>
    <dimen name="DIMEN_47PX">47px</dimen>
    <dimen name="DIMEN_48PX">48px</dimen>
    <dimen name="DIMEN_49PX">49px</dimen>
    <dimen name="DIMEN_50PX">50px</dimen>
    <dimen name="DIMEN_51PX">51px</dimen>
    <dimen name="DIMEN_52PX">52px</dimen>
    <dimen name="DIMEN_53PX">53px</dimen>
    <dimen name="DIMEN_54PX">54px</dimen>
    <dimen name="DIMEN_55PX">55px</dimen>
    <dimen name="DIMEN_56PX">56px</dimen>
    <dimen name="DIMEN_57PX">57px</dimen>
    <dimen name="DIMEN_58PX">58px</dimen>
    <dimen name="DIMEN_59PX">59px</dimen>
    <dimen name="DIMEN_60PX">60px</dimen>
    <dimen name="DIMEN_61PX">61px</dimen>
    <dimen name="DIMEN_62PX">62px</dimen>
    <dimen name="DIMEN_63PX">63px</dimen>
    <dimen name="DIMEN_64PX">64px</dimen>
    <dimen name="DIMEN_65PX">65px</dimen>
    <dimen name="DIMEN_66PX">66px</dimen>
    <dimen name="DIMEN_67PX">67px</dimen>
    <dimen name="DIMEN_68PX">68px</dimen>
    <dimen name="DIMEN_69PX">69px</dimen>
    <dimen name="DIMEN_70PX">70px</dimen>
    <dimen name="DIMEN_71PX">71px</dimen>
    <dimen name="DIMEN_72PX">72px</dimen>
    <dimen name="DIMEN_73PX">73px</dimen>
    <dimen name="DIMEN_74PX">74px</dimen>
    <dimen name="DIMEN_75PX">75px</dimen>
    <dimen name="DIMEN_76PX">76px</dimen>
    <dimen name="DIMEN_77PX">77px</dimen>
    <dimen name="DIMEN_78PX">78px</dimen>
    <dimen name="DIMEN_79PX">79px</dimen>
    <dimen name="DIMEN_80PX">80px</dimen>
    <dimen name="DIMEN_81PX">81px</dimen>
    <dimen name="DIMEN_82PX">82px</dimen>
    <dimen name="DIMEN_83PX">83px</dimen>
    <dimen name="DIMEN_84PX">84px</dimen>
    <dimen name="DIMEN_85PX">85px</dimen>
    <dimen name="DIMEN_86PX">86px</dimen>
    <dimen name="DIMEN_87PX">87px</dimen>
    <dimen name="DIMEN_88PX">88px</dimen>
    <dimen name="DIMEN_89PX">89px</dimen>
    <dimen name="DIMEN_90PX">90px</dimen>
    <dimen name="DIMEN_91PX">91px</dimen>
    <dimen name="DIMEN_92PX">92px</dimen>
    <dimen name="DIMEN_93PX">93px</dimen>
    <dimen name="DIMEN_94PX">94px</dimen>
    <dimen name="DIMEN_95PX">95px</dimen>
    <dimen name="DIMEN_96PX">96px</dimen>
    <dimen name="DIMEN_97PX">97px</dimen>
    <dimen name="DIMEN_98PX">98px</dimen>
    <dimen name="DIMEN_99PX">99px</dimen>
    <dimen name="DIMEN_100PX">100px</dimen>
    <dimen name="DIMEN_101PX">101px</dimen>
    <dimen name="DIMEN_102PX">102px</dimen>
    <dimen name="DIMEN_103PX">103px</dimen>
    <dimen name="DIMEN_104PX">104px</dimen>
    <dimen name="DIMEN_105PX">105px</dimen>
    <dimen name="DIMEN_106PX">106px</dimen>
    <dimen name="DIMEN_107PX">107px</dimen>
    <dimen name="DIMEN_108PX">108px</dimen>
    <dimen name="DIMEN_109PX">109px</dimen>
    <dimen name="DIMEN_110PX">110px</dimen>
    <dimen name="DIMEN_111PX">111px</dimen>
    <dimen name="DIMEN_112PX">112px</dimen>
    <dimen name="DIMEN_113PX">113px</dimen>
    <dimen name="DIMEN_114PX">114px</dimen>
    <dimen name="DIMEN_115PX">115px</dimen>
    <dimen name="DIMEN_116PX">116px</dimen>
    <dimen name="DIMEN_117PX">117px</dimen>
    <dimen name="DIMEN_118PX">118px</dimen>
    <dimen name="DIMEN_119PX">119px</dimen>
    <dimen name="DIMEN_120PX">120px</dimen>
    <dimen name="DIMEN_121PX">121px</dimen>
    <dimen name="DIMEN_122PX">122px</dimen>
    <dimen name="DIMEN_123PX">123px</dimen>
    <dimen name="DIMEN_124PX">124px</dimen>
    <dimen name="DIMEN_125PX">125px</dimen>
    <dimen name="DIMEN_126PX">126px</dimen>
    <dimen name="DIMEN_127PX">127px</dimen>
    <dimen name="DIMEN_128PX">128px</dimen>
    <dimen name="DIMEN_129PX">129px</dimen>
    <dimen name="DIMEN_130PX">130px</dimen>
    <dimen name="DIMEN_131PX">131px</dimen>
    <dimen name="DIMEN_132PX">132px</dimen>
    <dimen name="DIMEN_133PX">133px</dimen>
    <dimen name="DIMEN_134PX">134px</dimen>
    <dimen name="DIMEN_135PX">135px</dimen>
    <dimen name="DIMEN_136PX">136px</dimen>
    <dimen name="DIMEN_137PX">137px</dimen>
    <dimen name="DIMEN_138PX">138px</dimen>
    <dimen name="DIMEN_139PX">139px</dimen>
    <dimen name="DIMEN_140PX">140px</dimen>
    <dimen name="DIMEN_141PX">141px</dimen>
    <dimen name="DIMEN_142PX">142px</dimen>
    <dimen name="DIMEN_143PX">143px</dimen>
    <dimen name="DIMEN_144PX">144px</dimen>
    <dimen name="DIMEN_145PX">145px</dimen>
    <dimen name="DIMEN_146PX">146px</dimen>
    <dimen name="DIMEN_147PX">147px</dimen>
    <dimen name="DIMEN_148PX">148px</dimen>
    <dimen name="DIMEN_149PX">149px</dimen>
    <dimen name="DIMEN_150PX">150px</dimen>
    <dimen name="DIMEN_151PX">151px</dimen>
    <dimen name="DIMEN_152PX">152px</dimen>
    <dimen name="DIMEN_153PX">153px</dimen>
    <dimen name="DIMEN_154PX">154px</dimen>
    <dimen name="DIMEN_155PX">155px</dimen>
    <dimen name="DIMEN_156PX">156px</dimen>
    <dimen name="DIMEN_157PX">157px</dimen>
    <dimen name="DIMEN_158PX">158px</dimen>
    <dimen name="DIMEN_159PX">159px</dimen>
    <dimen name="DIMEN_160PX">160px</dimen>
    <dimen name="DIMEN_161PX">161px</dimen>
    <dimen name="DIMEN_162PX">162px</dimen>
    <dimen name="DIMEN_163PX">163px</dimen>
    <dimen name="DIMEN_164PX">164px</dimen>
    <dimen name="DIMEN_165PX">165px</dimen>
    <dimen name="DIMEN_166PX">166px</dimen>
    <dimen name="DIMEN_167PX">167px</dimen>
    <dimen name="DIMEN_168PX">168px</dimen>
    <dimen name="DIMEN_169PX">169px</dimen>
    <dimen name="DIMEN_170PX">170px</dimen>
    <dimen name="DIMEN_171PX">171px</dimen>
    <dimen name="DIMEN_172PX">172px</dimen>
    <dimen name="DIMEN_173PX">173px</dimen>
    <dimen name="DIMEN_174PX">174px</dimen>
    <dimen name="DIMEN_175PX">175px</dimen>
    <dimen name="DIMEN_176PX">176px</dimen>
    <dimen name="DIMEN_177PX">177px</dimen>
    <dimen name="DIMEN_178PX">178px</dimen>
    <dimen name="DIMEN_179PX">179px</dimen>
    <dimen name="DIMEN_180PX">180px</dimen>
    <dimen name="DIMEN_181PX">181px</dimen>
    <dimen name="DIMEN_182PX">182px</dimen>
    <dimen name="DIMEN_183PX">183px</dimen>
    <dimen name="DIMEN_184PX">184px</dimen>
    <dimen name="DIMEN_185PX">185px</dimen>
    <dimen name="DIMEN_186PX">186px</dimen>
    <dimen name="DIMEN_187PX">187px</dimen>
    <dimen name="DIMEN_188PX">188px</dimen>
    <dimen name="DIMEN_189PX">189px</dimen>
    <dimen name="DIMEN_190PX">190px</dimen>
    <dimen name="DIMEN_191PX">191px</dimen>
    <dimen name="DIMEN_192PX">192px</dimen>
    <dimen name="DIMEN_193PX">193px</dimen>
    <dimen name="DIMEN_194PX">194px</dimen>
    <dimen name="DIMEN_195PX">195px</dimen>
    <dimen name="DIMEN_196PX">196px</dimen>
    <dimen name="DIMEN_197PX">197px</dimen>
    <dimen name="DIMEN_198PX">198px</dimen>
    <dimen name="DIMEN_199PX">199px</dimen>
    <dimen name="DIMEN_200PX">200px</dimen>
    <dimen name="DIMEN_201PX">201px</dimen>
    <dimen name="DIMEN_202PX">202px</dimen>
    <dimen name="DIMEN_203PX">203px</dimen>
    <dimen name="DIMEN_204PX">204px</dimen>
    <dimen name="DIMEN_205PX">205px</dimen>
    <dimen name="DIMEN_206PX">206px</dimen>
    <dimen name="DIMEN_207PX">207px</dimen>
    <dimen name="DIMEN_208PX">208px</dimen>
    <dimen name="DIMEN_209PX">209px</dimen>
    <dimen name="DIMEN_210PX">210px</dimen>
    <dimen name="DIMEN_211PX">211px</dimen>
    <dimen name="DIMEN_212PX">212px</dimen>
    <dimen name="DIMEN_213PX">213px</dimen>
    <dimen name="DIMEN_214PX">214px</dimen>
    <dimen name="DIMEN_215PX">215px</dimen>
    <dimen name="DIMEN_216PX">216px</dimen>
    <dimen name="DIMEN_217PX">217px</dimen>
    <dimen name="DIMEN_218PX">218px</dimen>
    <dimen name="DIMEN_219PX">219px</dimen>
    <dimen name="DIMEN_220PX">220px</dimen>
    <dimen name="DIMEN_221PX">221px</dimen>
    <dimen name="DIMEN_222PX">222px</dimen>
    <dimen name="DIMEN_223PX">223px</dimen>
    <dimen name="DIMEN_224PX">224px</dimen>
    <dimen name="DIMEN_225PX">225px</dimen>
    <dimen name="DIMEN_226PX">226px</dimen>
    <dimen name="DIMEN_227PX">227px</dimen>
    <dimen name="DIMEN_228PX">228px</dimen>
    <dimen name="DIMEN_229PX">229px</dimen>
    <dimen name="DIMEN_230PX">230px</dimen>
    <dimen name="DIMEN_231PX">231px</dimen>
    <dimen name="DIMEN_232PX">232px</dimen>
    <dimen name="DIMEN_233PX">233px</dimen>
    <dimen name="DIMEN_234PX">234px</dimen>
    <dimen name="DIMEN_235PX">235px</dimen>
    <dimen name="DIMEN_236PX">236px</dimen>
    <dimen name="DIMEN_237PX">237px</dimen>
    <dimen name="DIMEN_238PX">238px</dimen>
    <dimen name="DIMEN_239PX">239px</dimen>
    <dimen name="DIMEN_240PX">240px</dimen>
    <dimen name="DIMEN_241PX">241px</dimen>
    <dimen name="DIMEN_242PX">242px</dimen>
    <dimen name="DIMEN_243PX">243px</dimen>
    <dimen name="DIMEN_244PX">244px</dimen>
    <dimen name="DIMEN_245PX">245px</dimen>
    <dimen name="DIMEN_246PX">246px</dimen>
    <dimen name="DIMEN_247PX">247px</dimen>
    <dimen name="DIMEN_248PX">248px</dimen>
    <dimen name="DIMEN_249PX">249px</dimen>
    <dimen name="DIMEN_250PX">250px</dimen>
    <dimen name="DIMEN_251PX">251px</dimen>
    <dimen name="DIMEN_252PX">252px</dimen>
    <dimen name="DIMEN_253PX">253px</dimen>
    <dimen name="DIMEN_254PX">254px</dimen>
    <dimen name="DIMEN_255PX">255px</dimen>
    <dimen name="DIMEN_256PX">256px</dimen>
    <dimen name="DIMEN_257PX">257px</dimen>
    <dimen name="DIMEN_258PX">258px</dimen>
    <dimen name="DIMEN_259PX">259px</dimen>
    <dimen name="DIMEN_260PX">260px</dimen>
    <dimen name="DIMEN_261PX">261px</dimen>
    <dimen name="DIMEN_262PX">262px</dimen>
    <dimen name="DIMEN_263PX">263px</dimen>
    <dimen name="DIMEN_264PX">264px</dimen>
    <dimen name="DIMEN_265PX">265px</dimen>
    <dimen name="DIMEN_266PX">266px</dimen>
    <dimen name="DIMEN_267PX">267px</dimen>
    <dimen name="DIMEN_268PX">268px</dimen>
    <dimen name="DIMEN_269PX">269px</dimen>
    <dimen name="DIMEN_270PX">270px</dimen>
    <dimen name="DIMEN_271PX">271px</dimen>
    <dimen name="DIMEN_272PX">272px</dimen>
    <dimen name="DIMEN_273PX">273px</dimen>
    <dimen name="DIMEN_274PX">274px</dimen>
    <dimen name="DIMEN_275PX">275px</dimen>
    <dimen name="DIMEN_276PX">276px</dimen>
    <dimen name="DIMEN_277PX">277px</dimen>
    <dimen name="DIMEN_278PX">278px</dimen>
    <dimen name="DIMEN_279PX">279px</dimen>
    <dimen name="DIMEN_280PX">280px</dimen>
    <dimen name="DIMEN_281PX">281px</dimen>
    <dimen name="DIMEN_282PX">282px</dimen>
    <dimen name="DIMEN_283PX">283px</dimen>
    <dimen name="DIMEN_284PX">284px</dimen>
    <dimen name="DIMEN_285PX">285px</dimen>
    <dimen name="DIMEN_286PX">286px</dimen>
    <dimen name="DIMEN_287PX">287px</dimen>
    <dimen name="DIMEN_288PX">288px</dimen>
    <dimen name="DIMEN_289PX">289px</dimen>
    <dimen name="DIMEN_290PX">290px</dimen>
    <dimen name="DIMEN_291PX">291px</dimen>
    <dimen name="DIMEN_292PX">292px</dimen>
    <dimen name="DIMEN_293PX">293px</dimen>
    <dimen name="DIMEN_294PX">294px</dimen>
    <dimen name="DIMEN_295PX">295px</dimen>
    <dimen name="DIMEN_296PX">296px</dimen>
    <dimen name="DIMEN_297PX">297px</dimen>
    <dimen name="DIMEN_298PX">298px</dimen>
    <dimen name="DIMEN_299PX">299px</dimen>
    <dimen name="DIMEN_300PX">300px</dimen>
    <dimen name="DIMEN_301PX">301px</dimen>
    <dimen name="DIMEN_302PX">302px</dimen>
    <dimen name="DIMEN_303PX">303px</dimen>
    <dimen name="DIMEN_304PX">304px</dimen>
    <dimen name="DIMEN_305PX">305px</dimen>
    <dimen name="DIMEN_306PX">306px</dimen>
    <dimen name="DIMEN_307PX">307px</dimen>
    <dimen name="DIMEN_308PX">308px</dimen>
    <dimen name="DIMEN_309PX">309px</dimen>
    <dimen name="DIMEN_310PX">310px</dimen>
    <dimen name="DIMEN_311PX">311px</dimen>
    <dimen name="DIMEN_312PX">312px</dimen>
    <dimen name="DIMEN_313PX">313px</dimen>
    <dimen name="DIMEN_314PX">314px</dimen>
    <dimen name="DIMEN_315PX">315px</dimen>
    <dimen name="DIMEN_316PX">316px</dimen>
    <dimen name="DIMEN_317PX">317px</dimen>
    <dimen name="DIMEN_318PX">318px</dimen>
    <dimen name="DIMEN_319PX">319px</dimen>
    <dimen name="DIMEN_320PX">320px</dimen>
    <dimen name="DIMEN_321PX">321px</dimen>
    <dimen name="DIMEN_322PX">322px</dimen>
    <dimen name="DIMEN_323PX">323px</dimen>
    <dimen name="DIMEN_324PX">324px</dimen>
    <dimen name="DIMEN_325PX">325px</dimen>
    <dimen name="DIMEN_326PX">326px</dimen>
    <dimen name="DIMEN_327PX">327px</dimen>
    <dimen name="DIMEN_328PX">328px</dimen>
    <dimen name="DIMEN_329PX">329px</dimen>
    <dimen name="DIMEN_330PX">330px</dimen>
    <dimen name="DIMEN_331PX">331px</dimen>
    <dimen name="DIMEN_332PX">332px</dimen>
    <dimen name="DIMEN_333PX">333px</dimen>
    <dimen name="DIMEN_334PX">334px</dimen>
    <dimen name="DIMEN_335PX">335px</dimen>
    <dimen name="DIMEN_336PX">336px</dimen>
    <dimen name="DIMEN_337PX">337px</dimen>
    <dimen name="DIMEN_338PX">338px</dimen>
    <dimen name="DIMEN_339PX">339px</dimen>
    <dimen name="DIMEN_340PX">340px</dimen>
    <dimen name="DIMEN_341PX">341px</dimen>
    <dimen name="DIMEN_342PX">342px</dimen>
    <dimen name="DIMEN_343PX">343px</dimen>
    <dimen name="DIMEN_344PX">344px</dimen>
    <dimen name="DIMEN_345PX">345px</dimen>
    <dimen name="DIMEN_346PX">346px</dimen>
    <dimen name="DIMEN_347PX">347px</dimen>
    <dimen name="DIMEN_348PX">348px</dimen>
    <dimen name="DIMEN_349PX">349px</dimen>
    <dimen name="DIMEN_350PX">350px</dimen>
    <dimen name="DIMEN_351PX">351px</dimen>
    <dimen name="DIMEN_352PX">352px</dimen>
    <dimen name="DIMEN_353PX">353px</dimen>
    <dimen name="DIMEN_354PX">354px</dimen>
    <dimen name="DIMEN_355PX">355px</dimen>
    <dimen name="DIMEN_356PX">356px</dimen>
    <dimen name="DIMEN_357PX">357px</dimen>
    <dimen name="DIMEN_358PX">358px</dimen>
    <dimen name="DIMEN_359PX">359px</dimen>
    <dimen name="DIMEN_360PX">360px</dimen>
    <dimen name="DIMEN_361PX">361px</dimen>
    <dimen name="DIMEN_362PX">362px</dimen>
    <dimen name="DIMEN_363PX">363px</dimen>
    <dimen name="DIMEN_364PX">364px</dimen>
    <dimen name="DIMEN_365PX">365px</dimen>
    <dimen name="DIMEN_366PX">366px</dimen>
    <dimen name="DIMEN_367PX">367px</dimen>
    <dimen name="DIMEN_368PX">368px</dimen>
    <dimen name="DIMEN_369PX">369px</dimen>
    <dimen name="DIMEN_370PX">370px</dimen>
    <dimen name="DIMEN_371PX">371px</dimen>
    <dimen name="DIMEN_372PX">372px</dimen>
    <dimen name="DIMEN_373PX">373px</dimen>
    <dimen name="DIMEN_374PX">374px</dimen>
    <dimen name="DIMEN_375PX">375px</dimen>
    <dimen name="DIMEN_376PX">376px</dimen>
    <dimen name="DIMEN_377PX">377px</dimen>
    <dimen name="DIMEN_378PX">378px</dimen>
    <dimen name="DIMEN_379PX">379px</dimen>
    <dimen name="DIMEN_380PX">380px</dimen>
    <dimen name="DIMEN_381PX">381px</dimen>
    <dimen name="DIMEN_382PX">382px</dimen>
    <dimen name="DIMEN_383PX">383px</dimen>
    <dimen name="DIMEN_384PX">384px</dimen>
    <dimen name="DIMEN_385PX">385px</dimen>
    <dimen name="DIMEN_386PX">386px</dimen>
    <dimen name="DIMEN_387PX">387px</dimen>
    <dimen name="DIMEN_388PX">388px</dimen>
    <dimen name="DIMEN_389PX">389px</dimen>
    <dimen name="DIMEN_390PX">390px</dimen>
    <dimen name="DIMEN_391PX">391px</dimen>
    <dimen name="DIMEN_392PX">392px</dimen>
    <dimen name="DIMEN_393PX">393px</dimen>
    <dimen name="DIMEN_394PX">394px</dimen>
    <dimen name="DIMEN_395PX">395px</dimen>
    <dimen name="DIMEN_396PX">396px</dimen>
    <dimen name="DIMEN_397PX">397px</dimen>
    <dimen name="DIMEN_398PX">398px</dimen>
    <dimen name="DIMEN_399PX">399px</dimen>
    <dimen name="DIMEN_400PX">400px</dimen>
    <dimen name="DIMEN_401PX">401px</dimen>
    <dimen name="DIMEN_402PX">402px</dimen>
    <dimen name="DIMEN_403PX">403px</dimen>
    <dimen name="DIMEN_404PX">404px</dimen>
    <dimen name="DIMEN_405PX">405px</dimen>
    <dimen name="DIMEN_406PX">406px</dimen>
    <dimen name="DIMEN_407PX">407px</dimen>
    <dimen name="DIMEN_408PX">408px</dimen>
    <dimen name="DIMEN_409PX">409px</dimen>
    <dimen name="DIMEN_410PX">410px</dimen>
    <dimen name="DIMEN_411PX">411px</dimen>
    <dimen name="DIMEN_412PX">412px</dimen>
    <dimen name="DIMEN_413PX">413px</dimen>
    <dimen name="DIMEN_414PX">414px</dimen>
    <dimen name="DIMEN_415PX">415px</dimen>
    <dimen name="DIMEN_416PX">416px</dimen>
    <dimen name="DIMEN_417PX">417px</dimen>
    <dimen name="DIMEN_418PX">418px</dimen>
    <dimen name="DIMEN_419PX">419px</dimen>
    <dimen name="DIMEN_420PX">420px</dimen>
    <dimen name="DIMEN_421PX">421px</dimen>
    <dimen name="DIMEN_422PX">422px</dimen>
    <dimen name="DIMEN_423PX">423px</dimen>
    <dimen name="DIMEN_424PX">424px</dimen>
    <dimen name="DIMEN_425PX">425px</dimen>
    <dimen name="DIMEN_426PX">426px</dimen>
    <dimen name="DIMEN_427PX">427px</dimen>
    <dimen name="DIMEN_428PX">428px</dimen>
    <dimen name="DIMEN_429PX">429px</dimen>
    <dimen name="DIMEN_430PX">430px</dimen>
    <dimen name="DIMEN_431PX">431px</dimen>
    <dimen name="DIMEN_432PX">432px</dimen>
    <dimen name="DIMEN_433PX">433px</dimen>
    <dimen name="DIMEN_434PX">434px</dimen>
    <dimen name="DIMEN_435PX">435px</dimen>
    <dimen name="DIMEN_436PX">436px</dimen>
    <dimen name="DIMEN_437PX">437px</dimen>
    <dimen name="DIMEN_438PX">438px</dimen>
    <dimen name="DIMEN_439PX">439px</dimen>
    <dimen name="DIMEN_440PX">440px</dimen>
    <dimen name="DIMEN_441PX">441px</dimen>
    <dimen name="DIMEN_442PX">442px</dimen>
    <dimen name="DIMEN_443PX">443px</dimen>
    <dimen name="DIMEN_444PX">444px</dimen>
    <dimen name="DIMEN_445PX">445px</dimen>
    <dimen name="DIMEN_446PX">446px</dimen>
    <dimen name="DIMEN_447PX">447px</dimen>
    <dimen name="DIMEN_448PX">448px</dimen>
    <dimen name="DIMEN_449PX">449px</dimen>
    <dimen name="DIMEN_450PX">450px</dimen>
    <dimen name="DIMEN_451PX">451px</dimen>
    <dimen name="DIMEN_452PX">452px</dimen>
    <dimen name="DIMEN_453PX">453px</dimen>
    <dimen name="DIMEN_454PX">454px</dimen>
    <dimen name="DIMEN_455PX">455px</dimen>
    <dimen name="DIMEN_456PX">456px</dimen>
    <dimen name="DIMEN_457PX">457px</dimen>
    <dimen name="DIMEN_458PX">458px</dimen>
    <dimen name="DIMEN_459PX">459px</dimen>
    <dimen name="DIMEN_460PX">460px</dimen>
    <dimen name="DIMEN_461PX">461px</dimen>
    <dimen name="DIMEN_462PX">462px</dimen>
    <dimen name="DIMEN_463PX">463px</dimen>
    <dimen name="DIMEN_464PX">464px</dimen>
    <dimen name="DIMEN_465PX">465px</dimen>
    <dimen name="DIMEN_466PX">466px</dimen>
    <dimen name="DIMEN_467PX">467px</dimen>
    <dimen name="DIMEN_468PX">468px</dimen>
    <dimen name="DIMEN_469PX">469px</dimen>
    <dimen name="DIMEN_470PX">470px</dimen>
    <dimen name="DIMEN_471PX">471px</dimen>
    <dimen name="DIMEN_472PX">472px</dimen>
    <dimen name="DIMEN_473PX">473px</dimen>
    <dimen name="DIMEN_474PX">474px</dimen>
    <dimen name="DIMEN_475PX">475px</dimen>
    <dimen name="DIMEN_476PX">476px</dimen>
    <dimen name="DIMEN_477PX">477px</dimen>
    <dimen name="DIMEN_478PX">478px</dimen>
    <dimen name="DIMEN_479PX">479px</dimen>
    <dimen name="DIMEN_480PX">480px</dimen>
    <dimen name="DIMEN_481PX">481px</dimen>
    <dimen name="DIMEN_482PX">482px</dimen>
    <dimen name="DIMEN_483PX">483px</dimen>
    <dimen name="DIMEN_484PX">484px</dimen>
    <dimen name="DIMEN_485PX">485px</dimen>
    <dimen name="DIMEN_486PX">486px</dimen>
    <dimen name="DIMEN_487PX">487px</dimen>
    <dimen name="DIMEN_488PX">488px</dimen>
    <dimen name="DIMEN_489PX">489px</dimen>
    <dimen name="DIMEN_490PX">490px</dimen>
    <dimen name="DIMEN_491PX">491px</dimen>
    <dimen name="DIMEN_492PX">492px</dimen>
    <dimen name="DIMEN_493PX">493px</dimen>
    <dimen name="DIMEN_494PX">494px</dimen>
    <dimen name="DIMEN_495PX">495px</dimen>
    <dimen name="DIMEN_496PX">496px</dimen>
    <dimen name="DIMEN_497PX">497px</dimen>
    <dimen name="DIMEN_498PX">498px</dimen>
    <dimen name="DIMEN_499PX">499px</dimen>
    <dimen name="DIMEN_500PX">500px</dimen>
    <dimen name="DIMEN_501PX">501px</dimen>
    <dimen name="DIMEN_502PX">502px</dimen>
    <dimen name="DIMEN_503PX">503px</dimen>
    <dimen name="DIMEN_504PX">504px</dimen>
    <dimen name="DIMEN_505PX">505px</dimen>
    <dimen name="DIMEN_506PX">506px</dimen>
    <dimen name="DIMEN_507PX">507px</dimen>
    <dimen name="DIMEN_508PX">508px</dimen>
    <dimen name="DIMEN_509PX">509px</dimen>
    <dimen name="DIMEN_510PX">510px</dimen>
    <dimen name="DIMEN_511PX">511px</dimen>
    <dimen name="DIMEN_512PX">512px</dimen>
    <dimen name="DIMEN_513PX">513px</dimen>
    <dimen name="DIMEN_514PX">514px</dimen>
    <dimen name="DIMEN_515PX">515px</dimen>
    <dimen name="DIMEN_516PX">516px</dimen>
    <dimen name="DIMEN_517PX">517px</dimen>
    <dimen name="DIMEN_518PX">518px</dimen>
    <dimen name="DIMEN_519PX">519px</dimen>
    <dimen name="DIMEN_520PX">520px</dimen>
    <dimen name="DIMEN_521PX">521px</dimen>
    <dimen name="DIMEN_522PX">522px</dimen>
    <dimen name="DIMEN_523PX">523px</dimen>
    <dimen name="DIMEN_524PX">524px</dimen>
    <dimen name="DIMEN_525PX">525px</dimen>
    <dimen name="DIMEN_526PX">526px</dimen>
    <dimen name="DIMEN_527PX">527px</dimen>
    <dimen name="DIMEN_528PX">528px</dimen>
    <dimen name="DIMEN_529PX">529px</dimen>
    <dimen name="DIMEN_530PX">530px</dimen>
    <dimen name="DIMEN_531PX">531px</dimen>
    <dimen name="DIMEN_532PX">532px</dimen>
    <dimen name="DIMEN_533PX">533px</dimen>
    <dimen name="DIMEN_534PX">534px</dimen>
    <dimen name="DIMEN_535PX">535px</dimen>
    <dimen name="DIMEN_536PX">536px</dimen>
    <dimen name="DIMEN_537PX">537px</dimen>
    <dimen name="DIMEN_538PX">538px</dimen>
    <dimen name="DIMEN_539PX">539px</dimen>
    <dimen name="DIMEN_540PX">540px</dimen>
    <dimen name="DIMEN_541PX">541px</dimen>
    <dimen name="DIMEN_542PX">542px</dimen>
    <dimen name="DIMEN_543PX">543px</dimen>
    <dimen name="DIMEN_544PX">544px</dimen>
    <dimen name="DIMEN_545PX">545px</dimen>
    <dimen name="DIMEN_546PX">546px</dimen>
    <dimen name="DIMEN_547PX">547px</dimen>
    <dimen name="DIMEN_548PX">548px</dimen>
    <dimen name="DIMEN_549PX">549px</dimen>
    <dimen name="DIMEN_550PX">550px</dimen>
    <dimen name="DIMEN_551PX">551px</dimen>
    <dimen name="DIMEN_552PX">552px</dimen>
    <dimen name="DIMEN_553PX">553px</dimen>
    <dimen name="DIMEN_554PX">554px</dimen>
    <dimen name="DIMEN_555PX">555px</dimen>
    <dimen name="DIMEN_556PX">556px</dimen>
    <dimen name="DIMEN_557PX">557px</dimen>
    <dimen name="DIMEN_558PX">558px</dimen>
    <dimen name="DIMEN_559PX">559px</dimen>
    <dimen name="DIMEN_560PX">560px</dimen>
    <dimen name="DIMEN_561PX">561px</dimen>
    <dimen name="DIMEN_562PX">562px</dimen>
    <dimen name="DIMEN_563PX">563px</dimen>
    <dimen name="DIMEN_564PX">564px</dimen>
    <dimen name="DIMEN_565PX">565px</dimen>
    <dimen name="DIMEN_566PX">566px</dimen>
    <dimen name="DIMEN_567PX">567px</dimen>
    <dimen name="DIMEN_568PX">568px</dimen>
    <dimen name="DIMEN_569PX">569px</dimen>
    <dimen name="DIMEN_570PX">570px</dimen>
    <dimen name="DIMEN_571PX">571px</dimen>
    <dimen name="DIMEN_572PX">572px</dimen>
    <dimen name="DIMEN_573PX">573px</dimen>
    <dimen name="DIMEN_574PX">574px</dimen>
    <dimen name="DIMEN_575PX">575px</dimen>
    <dimen name="DIMEN_576PX">576px</dimen>
    <dimen name="DIMEN_577PX">577px</dimen>
    <dimen name="DIMEN_578PX">578px</dimen>
    <dimen name="DIMEN_579PX">579px</dimen>
    <dimen name="DIMEN_580PX">580px</dimen>
    <dimen name="DIMEN_581PX">581px</dimen>
    <dimen name="DIMEN_582PX">582px</dimen>
    <dimen name="DIMEN_583PX">583px</dimen>
    <dimen name="DIMEN_584PX">584px</dimen>
    <dimen name="DIMEN_585PX">585px</dimen>
    <dimen name="DIMEN_586PX">586px</dimen>
    <dimen name="DIMEN_587PX">587px</dimen>
    <dimen name="DIMEN_588PX">588px</dimen>
    <dimen name="DIMEN_589PX">589px</dimen>
    <dimen name="DIMEN_590PX">590px</dimen>
    <dimen name="DIMEN_591PX">591px</dimen>
    <dimen name="DIMEN_592PX">592px</dimen>
    <dimen name="DIMEN_593PX">593px</dimen>
    <dimen name="DIMEN_594PX">594px</dimen>
    <dimen name="DIMEN_595PX">595px</dimen>
    <dimen name="DIMEN_596PX">596px</dimen>
    <dimen name="DIMEN_597PX">597px</dimen>
    <dimen name="DIMEN_598PX">598px</dimen>
    <dimen name="DIMEN_599PX">599px</dimen>
    <dimen name="DIMEN_600PX">600px</dimen>
    <dimen name="DIMEN_601PX">601px</dimen>
    <dimen name="DIMEN_602PX">602px</dimen>
    <dimen name="DIMEN_603PX">603px</dimen>
    <dimen name="DIMEN_604PX">604px</dimen>
    <dimen name="DIMEN_605PX">605px</dimen>
    <dimen name="DIMEN_606PX">606px</dimen>
    <dimen name="DIMEN_607PX">607px</dimen>
    <dimen name="DIMEN_608PX">608px</dimen>
    <dimen name="DIMEN_609PX">609px</dimen>
    <dimen name="DIMEN_610PX">610px</dimen>
    <dimen name="DIMEN_611PX">611px</dimen>
    <dimen name="DIMEN_612PX">612px</dimen>
    <dimen name="DIMEN_613PX">613px</dimen>
    <dimen name="DIMEN_614PX">614px</dimen>
    <dimen name="DIMEN_615PX">615px</dimen>
    <dimen name="DIMEN_616PX">616px</dimen>
    <dimen name="DIMEN_617PX">617px</dimen>
    <dimen name="DIMEN_618PX">618px</dimen>
    <dimen name="DIMEN_619PX">619px</dimen>
    <dimen name="DIMEN_620PX">620px</dimen>
    <dimen name="DIMEN_621PX">621px</dimen>
    <dimen name="DIMEN_622PX">622px</dimen>
    <dimen name="DIMEN_623PX">623px</dimen>
    <dimen name="DIMEN_624PX">624px</dimen>
    <dimen name="DIMEN_625PX">625px</dimen>
    <dimen name="DIMEN_626PX">626px</dimen>
    <dimen name="DIMEN_627PX">627px</dimen>
    <dimen name="DIMEN_628PX">628px</dimen>
    <dimen name="DIMEN_629PX">629px</dimen>
    <dimen name="DIMEN_630PX">630px</dimen>
    <dimen name="DIMEN_631PX">631px</dimen>
    <dimen name="DIMEN_632PX">632px</dimen>
    <dimen name="DIMEN_633PX">633px</dimen>
    <dimen name="DIMEN_634PX">634px</dimen>
    <dimen name="DIMEN_635PX">635px</dimen>
    <dimen name="DIMEN_636PX">636px</dimen>
    <dimen name="DIMEN_637PX">637px</dimen>
    <dimen name="DIMEN_638PX">638px</dimen>
    <dimen name="DIMEN_639PX">639px</dimen>
    <dimen name="DIMEN_640PX">640px</dimen>
    <dimen name="DIMEN_641PX">641px</dimen>
    <dimen name="DIMEN_642PX">642px</dimen>
    <dimen name="DIMEN_643PX">643px</dimen>
    <dimen name="DIMEN_644PX">644px</dimen>
    <dimen name="DIMEN_645PX">645px</dimen>
    <dimen name="DIMEN_646PX">646px</dimen>
    <dimen name="DIMEN_647PX">647px</dimen>
    <dimen name="DIMEN_648PX">648px</dimen>
    <dimen name="DIMEN_649PX">649px</dimen>
    <dimen name="DIMEN_650PX">650px</dimen>
    <dimen name="DIMEN_651PX">651px</dimen>
    <dimen name="DIMEN_652PX">652px</dimen>
    <dimen name="DIMEN_653PX">653px</dimen>
    <dimen name="DIMEN_654PX">654px</dimen>
    <dimen name="DIMEN_655PX">655px</dimen>
    <dimen name="DIMEN_656PX">656px</dimen>
    <dimen name="DIMEN_657PX">657px</dimen>
    <dimen name="DIMEN_658PX">658px</dimen>
    <dimen name="DIMEN_659PX">659px</dimen>
    <dimen name="DIMEN_660PX">660px</dimen>
    <dimen name="DIMEN_661PX">661px</dimen>
    <dimen name="DIMEN_662PX">662px</dimen>
    <dimen name="DIMEN_663PX">663px</dimen>
    <dimen name="DIMEN_664PX">664px</dimen>
    <dimen name="DIMEN_665PX">665px</dimen>
    <dimen name="DIMEN_666PX">666px</dimen>
    <dimen name="DIMEN_667PX">667px</dimen>
    <dimen name="DIMEN_668PX">668px</dimen>
    <dimen name="DIMEN_669PX">669px</dimen>
    <dimen name="DIMEN_670PX">670px</dimen>
    <dimen name="DIMEN_671PX">671px</dimen>
    <dimen name="DIMEN_672PX">672px</dimen>
    <dimen name="DIMEN_673PX">673px</dimen>
    <dimen name="DIMEN_674PX">674px</dimen>
    <dimen name="DIMEN_675PX">675px</dimen>
    <dimen name="DIMEN_676PX">676px</dimen>
    <dimen name="DIMEN_677PX">677px</dimen>
    <dimen name="DIMEN_678PX">678px</dimen>
    <dimen name="DIMEN_679PX">679px</dimen>
    <dimen name="DIMEN_680PX">680px</dimen>
    <dimen name="DIMEN_681PX">681px</dimen>
    <dimen name="DIMEN_682PX">682px</dimen>
    <dimen name="DIMEN_683PX">683px</dimen>
    <dimen name="DIMEN_684PX">684px</dimen>
    <dimen name="DIMEN_685PX">685px</dimen>
    <dimen name="DIMEN_686PX">686px</dimen>
    <dimen name="DIMEN_687PX">687px</dimen>
    <dimen name="DIMEN_688PX">688px</dimen>
    <dimen name="DIMEN_689PX">689px</dimen>
    <dimen name="DIMEN_690PX">690px</dimen>
    <dimen name="DIMEN_691PX">691px</dimen>
    <dimen name="DIMEN_692PX">692px</dimen>
    <dimen name="DIMEN_693PX">693px</dimen>
    <dimen name="DIMEN_694PX">694px</dimen>
    <dimen name="DIMEN_695PX">695px</dimen>
    <dimen name="DIMEN_696PX">696px</dimen>
    <dimen name="DIMEN_697PX">697px</dimen>
    <dimen name="DIMEN_698PX">698px</dimen>
    <dimen name="DIMEN_699PX">699px</dimen>
    <dimen name="DIMEN_700PX">700px</dimen>
    <dimen name="DIMEN_701PX">701px</dimen>
    <dimen name="DIMEN_702PX">702px</dimen>
    <dimen name="DIMEN_703PX">703px</dimen>
    <dimen name="DIMEN_704PX">704px</dimen>
    <dimen name="DIMEN_705PX">705px</dimen>
    <dimen name="DIMEN_706PX">706px</dimen>
    <dimen name="DIMEN_707PX">707px</dimen>
    <dimen name="DIMEN_708PX">708px</dimen>
    <dimen name="DIMEN_709PX">709px</dimen>
    <dimen name="DIMEN_710PX">710px</dimen>
    <dimen name="DIMEN_711PX">711px</dimen>
    <dimen name="DIMEN_712PX">712px</dimen>
    <dimen name="DIMEN_713PX">713px</dimen>
    <dimen name="DIMEN_714PX">714px</dimen>
    <dimen name="DIMEN_715PX">715px</dimen>
    <dimen name="DIMEN_716PX">716px</dimen>
    <dimen name="DIMEN_717PX">717px</dimen>
    <dimen name="DIMEN_718PX">718px</dimen>
    <dimen name="DIMEN_719PX">719px</dimen>
    <dimen name="DIMEN_720PX">720px</dimen>
    <dimen name="DIMEN_721PX">721px</dimen>
    <dimen name="DIMEN_722PX">722px</dimen>
    <dimen name="DIMEN_723PX">723px</dimen>
    <dimen name="DIMEN_724PX">724px</dimen>
    <dimen name="DIMEN_725PX">725px</dimen>
    <dimen name="DIMEN_726PX">726px</dimen>
    <dimen name="DIMEN_727PX">727px</dimen>
    <dimen name="DIMEN_728PX">728px</dimen>
    <dimen name="DIMEN_729PX">729px</dimen>
    <dimen name="DIMEN_730PX">730px</dimen>
    <dimen name="DIMEN_731PX">731px</dimen>
    <dimen name="DIMEN_732PX">732px</dimen>
    <dimen name="DIMEN_733PX">733px</dimen>
    <dimen name="DIMEN_734PX">734px</dimen>
    <dimen name="DIMEN_735PX">735px</dimen>
    <dimen name="DIMEN_736PX">736px</dimen>
    <dimen name="DIMEN_737PX">737px</dimen>
    <dimen name="DIMEN_738PX">738px</dimen>
    <dimen name="DIMEN_739PX">739px</dimen>
    <dimen name="DIMEN_740PX">740px</dimen>
    <dimen name="DIMEN_741PX">741px</dimen>
    <dimen name="DIMEN_742PX">742px</dimen>
    <dimen name="DIMEN_743PX">743px</dimen>
    <dimen name="DIMEN_744PX">744px</dimen>
    <dimen name="DIMEN_745PX">745px</dimen>
    <dimen name="DIMEN_746PX">746px</dimen>
    <dimen name="DIMEN_747PX">747px</dimen>
    <dimen name="DIMEN_748PX">748px</dimen>
    <dimen name="DIMEN_749PX">749px</dimen>
    <dimen name="DIMEN_750PX">750px</dimen>
    <dimen name="DIMEN_751PX">751px</dimen>
    <dimen name="DIMEN_752PX">752px</dimen>
    <dimen name="DIMEN_753PX">753px</dimen>
    <dimen name="DIMEN_754PX">754px</dimen>
    <dimen name="DIMEN_755PX">755px</dimen>
    <dimen name="DIMEN_756PX">756px</dimen>
    <dimen name="DIMEN_757PX">757px</dimen>
    <dimen name="DIMEN_758PX">758px</dimen>
    <dimen name="DIMEN_759PX">759px</dimen>
    <dimen name="DIMEN_760PX">760px</dimen>
    <dimen name="DIMEN_761PX">761px</dimen>
    <dimen name="DIMEN_762PX">762px</dimen>
    <dimen name="DIMEN_763PX">763px</dimen>
    <dimen name="DIMEN_764PX">764px</dimen>
    <dimen name="DIMEN_765PX">765px</dimen>
    <dimen name="DIMEN_766PX">766px</dimen>
    <dimen name="DIMEN_767PX">767px</dimen>
    <dimen name="DIMEN_768PX">768px</dimen>
    <dimen name="DIMEN_769PX">769px</dimen>
    <dimen name="DIMEN_770PX">770px</dimen>
    <dimen name="DIMEN_771PX">771px</dimen>
    <dimen name="DIMEN_772PX">772px</dimen>
    <dimen name="DIMEN_773PX">773px</dimen>
    <dimen name="DIMEN_774PX">774px</dimen>
    <dimen name="DIMEN_775PX">775px</dimen>
    <dimen name="DIMEN_776PX">776px</dimen>
    <dimen name="DIMEN_777PX">777px</dimen>
    <dimen name="DIMEN_778PX">778px</dimen>
    <dimen name="DIMEN_779PX">779px</dimen>
    <dimen name="DIMEN_780PX">780px</dimen>
    <dimen name="DIMEN_781PX">781px</dimen>
    <dimen name="DIMEN_782PX">782px</dimen>
    <dimen name="DIMEN_783PX">783px</dimen>
    <dimen name="DIMEN_784PX">784px</dimen>
    <dimen name="DIMEN_785PX">785px</dimen>
    <dimen name="DIMEN_786PX">786px</dimen>
    <dimen name="DIMEN_787PX">787px</dimen>
    <dimen name="DIMEN_788PX">788px</dimen>
    <dimen name="DIMEN_789PX">789px</dimen>
    <dimen name="DIMEN_790PX">790px</dimen>
    <dimen name="DIMEN_791PX">791px</dimen>
    <dimen name="DIMEN_792PX">792px</dimen>
    <dimen name="DIMEN_793PX">793px</dimen>
    <dimen name="DIMEN_794PX">794px</dimen>
    <dimen name="DIMEN_795PX">795px</dimen>
    <dimen name="DIMEN_796PX">796px</dimen>
    <dimen name="DIMEN_797PX">797px</dimen>
    <dimen name="DIMEN_798PX">798px</dimen>
    <dimen name="DIMEN_799PX">799px</dimen>
    <dimen name="DIMEN_800PX">800px</dimen>
    <dimen name="DIMEN_801PX">801px</dimen>
    <dimen name="DIMEN_802PX">802px</dimen>
    <dimen name="DIMEN_803PX">803px</dimen>
    <dimen name="DIMEN_804PX">804px</dimen>
    <dimen name="DIMEN_805PX">805px</dimen>
    <dimen name="DIMEN_806PX">806px</dimen>
    <dimen name="DIMEN_807PX">807px</dimen>
    <dimen name="DIMEN_808PX">808px</dimen>
    <dimen name="DIMEN_809PX">809px</dimen>
    <dimen name="DIMEN_810PX">810px</dimen>
    <dimen name="DIMEN_811PX">811px</dimen>
    <dimen name="DIMEN_812PX">812px</dimen>
    <dimen name="DIMEN_813PX">813px</dimen>
    <dimen name="DIMEN_814PX">814px</dimen>
    <dimen name="DIMEN_815PX">815px</dimen>
    <dimen name="DIMEN_816PX">816px</dimen>
    <dimen name="DIMEN_817PX">817px</dimen>
    <dimen name="DIMEN_818PX">818px</dimen>
    <dimen name="DIMEN_819PX">819px</dimen>
    <dimen name="DIMEN_820PX">820px</dimen>
    <dimen name="DIMEN_821PX">821px</dimen>
    <dimen name="DIMEN_822PX">822px</dimen>
    <dimen name="DIMEN_823PX">823px</dimen>
    <dimen name="DIMEN_824PX">824px</dimen>
    <dimen name="DIMEN_825PX">825px</dimen>
    <dimen name="DIMEN_826PX">826px</dimen>
    <dimen name="DIMEN_827PX">827px</dimen>
    <dimen name="DIMEN_828PX">828px</dimen>
    <dimen name="DIMEN_829PX">829px</dimen>
    <dimen name="DIMEN_830PX">830px</dimen>
    <dimen name="DIMEN_831PX">831px</dimen>
    <dimen name="DIMEN_832PX">832px</dimen>
    <dimen name="DIMEN_833PX">833px</dimen>
    <dimen name="DIMEN_834PX">834px</dimen>
    <dimen name="DIMEN_835PX">835px</dimen>
    <dimen name="DIMEN_836PX">836px</dimen>
    <dimen name="DIMEN_837PX">837px</dimen>
    <dimen name="DIMEN_838PX">838px</dimen>
    <dimen name="DIMEN_839PX">839px</dimen>
    <dimen name="DIMEN_840PX">840px</dimen>
    <dimen name="DIMEN_841PX">841px</dimen>
    <dimen name="DIMEN_842PX">842px</dimen>
    <dimen name="DIMEN_843PX">843px</dimen>
    <dimen name="DIMEN_844PX">844px</dimen>
    <dimen name="DIMEN_845PX">845px</dimen>
    <dimen name="DIMEN_846PX">846px</dimen>
    <dimen name="DIMEN_847PX">847px</dimen>
    <dimen name="DIMEN_848PX">848px</dimen>
    <dimen name="DIMEN_849PX">849px</dimen>
    <dimen name="DIMEN_850PX">850px</dimen>
    <dimen name="DIMEN_851PX">851px</dimen>
    <dimen name="DIMEN_852PX">852px</dimen>
    <dimen name="DIMEN_853PX">853px</dimen>
    <dimen name="DIMEN_854PX">854px</dimen>
    <dimen name="DIMEN_855PX">855px</dimen>
    <dimen name="DIMEN_856PX">856px</dimen>
    <dimen name="DIMEN_857PX">857px</dimen>
    <dimen name="DIMEN_858PX">858px</dimen>
    <dimen name="DIMEN_859PX">859px</dimen>
    <dimen name="DIMEN_860PX">860px</dimen>
    <dimen name="DIMEN_861PX">861px</dimen>
    <dimen name="DIMEN_862PX">862px</dimen>
    <dimen name="DIMEN_863PX">863px</dimen>
    <dimen name="DIMEN_864PX">864px</dimen>
    <dimen name="DIMEN_865PX">865px</dimen>
    <dimen name="DIMEN_866PX">866px</dimen>
    <dimen name="DIMEN_867PX">867px</dimen>
    <dimen name="DIMEN_868PX">868px</dimen>
    <dimen name="DIMEN_869PX">869px</dimen>
    <dimen name="DIMEN_870PX">870px</dimen>
    <dimen name="DIMEN_871PX">871px</dimen>
    <dimen name="DIMEN_872PX">872px</dimen>
    <dimen name="DIMEN_873PX">873px</dimen>
    <dimen name="DIMEN_874PX">874px</dimen>
    <dimen name="DIMEN_875PX">875px</dimen>
    <dimen name="DIMEN_876PX">876px</dimen>
    <dimen name="DIMEN_877PX">877px</dimen>
    <dimen name="DIMEN_878PX">878px</dimen>
    <dimen name="DIMEN_879PX">879px</dimen>
    <dimen name="DIMEN_880PX">880px</dimen>
    <dimen name="DIMEN_881PX">881px</dimen>
    <dimen name="DIMEN_882PX">882px</dimen>
    <dimen name="DIMEN_883PX">883px</dimen>
    <dimen name="DIMEN_884PX">884px</dimen>
    <dimen name="DIMEN_885PX">885px</dimen>
    <dimen name="DIMEN_886PX">886px</dimen>
    <dimen name="DIMEN_887PX">887px</dimen>
    <dimen name="DIMEN_888PX">888px</dimen>
    <dimen name="DIMEN_889PX">889px</dimen>
    <dimen name="DIMEN_890PX">890px</dimen>
    <dimen name="DIMEN_891PX">891px</dimen>
    <dimen name="DIMEN_892PX">892px</dimen>
    <dimen name="DIMEN_893PX">893px</dimen>
    <dimen name="DIMEN_894PX">894px</dimen>
    <dimen name="DIMEN_895PX">895px</dimen>
    <dimen name="DIMEN_896PX">896px</dimen>
    <dimen name="DIMEN_897PX">897px</dimen>
    <dimen name="DIMEN_898PX">898px</dimen>
    <dimen name="DIMEN_899PX">899px</dimen>
    <dimen name="DIMEN_900PX">900px</dimen>
    <dimen name="DIMEN_901PX">901px</dimen>
    <dimen name="DIMEN_902PX">902px</dimen>
    <dimen name="DIMEN_903PX">903px</dimen>
    <dimen name="DIMEN_904PX">904px</dimen>
    <dimen name="DIMEN_905PX">905px</dimen>
    <dimen name="DIMEN_906PX">906px</dimen>
    <dimen name="DIMEN_907PX">907px</dimen>
    <dimen name="DIMEN_908PX">908px</dimen>
    <dimen name="DIMEN_909PX">909px</dimen>
    <dimen name="DIMEN_910PX">910px</dimen>
    <dimen name="DIMEN_911PX">911px</dimen>
    <dimen name="DIMEN_912PX">912px</dimen>
    <dimen name="DIMEN_913PX">913px</dimen>
    <dimen name="DIMEN_914PX">914px</dimen>
    <dimen name="DIMEN_915PX">915px</dimen>
    <dimen name="DIMEN_916PX">916px</dimen>
    <dimen name="DIMEN_917PX">917px</dimen>
    <dimen name="DIMEN_918PX">918px</dimen>
    <dimen name="DIMEN_919PX">919px</dimen>
    <dimen name="DIMEN_920PX">920px</dimen>
    <dimen name="DIMEN_921PX">921px</dimen>
    <dimen name="DIMEN_922PX">922px</dimen>
    <dimen name="DIMEN_923PX">923px</dimen>
    <dimen name="DIMEN_924PX">924px</dimen>
    <dimen name="DIMEN_925PX">925px</dimen>
    <dimen name="DIMEN_926PX">926px</dimen>
    <dimen name="DIMEN_927PX">927px</dimen>
    <dimen name="DIMEN_928PX">928px</dimen>
    <dimen name="DIMEN_929PX">929px</dimen>
    <dimen name="DIMEN_930PX">930px</dimen>
    <dimen name="DIMEN_931PX">931px</dimen>
    <dimen name="DIMEN_932PX">932px</dimen>
    <dimen name="DIMEN_933PX">933px</dimen>
    <dimen name="DIMEN_934PX">934px</dimen>
    <dimen name="DIMEN_935PX">935px</dimen>
    <dimen name="DIMEN_936PX">936px</dimen>
    <dimen name="DIMEN_937PX">937px</dimen>
    <dimen name="DIMEN_938PX">938px</dimen>
    <dimen name="DIMEN_939PX">939px</dimen>
    <dimen name="DIMEN_940PX">940px</dimen>
    <dimen name="DIMEN_941PX">941px</dimen>
    <dimen name="DIMEN_942PX">942px</dimen>
    <dimen name="DIMEN_943PX">943px</dimen>
    <dimen name="DIMEN_944PX">944px</dimen>
    <dimen name="DIMEN_945PX">945px</dimen>
    <dimen name="DIMEN_946PX">946px</dimen>
    <dimen name="DIMEN_947PX">947px</dimen>
    <dimen name="DIMEN_948PX">948px</dimen>
    <dimen name="DIMEN_949PX">949px</dimen>
    <dimen name="DIMEN_950PX">950px</dimen>
    <dimen name="DIMEN_951PX">951px</dimen>
    <dimen name="DIMEN_952PX">952px</dimen>
    <dimen name="DIMEN_953PX">953px</dimen>
    <dimen name="DIMEN_954PX">954px</dimen>
    <dimen name="DIMEN_955PX">955px</dimen>
    <dimen name="DIMEN_956PX">956px</dimen>
    <dimen name="DIMEN_957PX">957px</dimen>
    <dimen name="DIMEN_958PX">958px</dimen>
    <dimen name="DIMEN_959PX">959px</dimen>
    <dimen name="DIMEN_960PX">960px</dimen>
    <dimen name="DIMEN_961PX">961px</dimen>
    <dimen name="DIMEN_962PX">962px</dimen>
    <dimen name="DIMEN_963PX">963px</dimen>
    <dimen name="DIMEN_964PX">964px</dimen>
    <dimen name="DIMEN_965PX">965px</dimen>
    <dimen name="DIMEN_966PX">966px</dimen>
    <dimen name="DIMEN_967PX">967px</dimen>
    <dimen name="DIMEN_968PX">968px</dimen>
    <dimen name="DIMEN_969PX">969px</dimen>
    <dimen name="DIMEN_970PX">970px</dimen>
    <dimen name="DIMEN_971PX">971px</dimen>
    <dimen name="DIMEN_972PX">972px</dimen>
    <dimen name="DIMEN_973PX">973px</dimen>
    <dimen name="DIMEN_974PX">974px</dimen>
    <dimen name="DIMEN_975PX">975px</dimen>
    <dimen name="DIMEN_976PX">976px</dimen>
    <dimen name="DIMEN_977PX">977px</dimen>
    <dimen name="DIMEN_978PX">978px</dimen>
    <dimen name="DIMEN_979PX">979px</dimen>
    <dimen name="DIMEN_980PX">980px</dimen>
    <dimen name="DIMEN_981PX">981px</dimen>
    <dimen name="DIMEN_982PX">982px</dimen>
    <dimen name="DIMEN_983PX">983px</dimen>
    <dimen name="DIMEN_984PX">984px</dimen>
    <dimen name="DIMEN_985PX">985px</dimen>
    <dimen name="DIMEN_986PX">986px</dimen>
    <dimen name="DIMEN_987PX">987px</dimen>
    <dimen name="DIMEN_988PX">988px</dimen>
    <dimen name="DIMEN_989PX">989px</dimen>
    <dimen name="DIMEN_990PX">990px</dimen>
    <dimen name="DIMEN_991PX">991px</dimen>
    <dimen name="DIMEN_992PX">992px</dimen>
    <dimen name="DIMEN_993PX">993px</dimen>
    <dimen name="DIMEN_994PX">994px</dimen>
    <dimen name="DIMEN_995PX">995px</dimen>
    <dimen name="DIMEN_996PX">996px</dimen>
    <dimen name="DIMEN_997PX">997px</dimen>
    <dimen name="DIMEN_998PX">998px</dimen>
    <dimen name="DIMEN_999PX">999px</dimen>
    <dimen name="DIMEN_1000PX">1000px</dimen>
    <dimen name="DIMEN_1001PX">1001px</dimen>
    <dimen name="DIMEN_1002PX">1002px</dimen>
    <dimen name="DIMEN_1003PX">1003px</dimen>
    <dimen name="DIMEN_1004PX">1004px</dimen>
    <dimen name="DIMEN_1005PX">1005px</dimen>
    <dimen name="DIMEN_1006PX">1006px</dimen>
    <dimen name="DIMEN_1007PX">1007px</dimen>
    <dimen name="DIMEN_1008PX">1008px</dimen>
    <dimen name="DIMEN_1009PX">1009px</dimen>
    <dimen name="DIMEN_1010PX">1010px</dimen>
    <dimen name="DIMEN_1011PX">1011px</dimen>
    <dimen name="DIMEN_1012PX">1012px</dimen>
    <dimen name="DIMEN_1013PX">1013px</dimen>
    <dimen name="DIMEN_1014PX">1014px</dimen>
    <dimen name="DIMEN_1015PX">1015px</dimen>
    <dimen name="DIMEN_1016PX">1016px</dimen>
    <dimen name="DIMEN_1017PX">1017px</dimen>
    <dimen name="DIMEN_1018PX">1018px</dimen>
    <dimen name="DIMEN_1019PX">1019px</dimen>
    <dimen name="DIMEN_1020PX">1020px</dimen>
    <dimen name="DIMEN_1021PX">1021px</dimen>
    <dimen name="DIMEN_1022PX">1022px</dimen>
    <dimen name="DIMEN_1023PX">1023px</dimen>
    <dimen name="DIMEN_1024PX">1024px</dimen>
    <dimen name="DIMEN_1025PX">1025px</dimen>
    <dimen name="DIMEN_1026PX">1026px</dimen>
    <dimen name="DIMEN_1027PX">1027px</dimen>
    <dimen name="DIMEN_1028PX">1028px</dimen>
    <dimen name="DIMEN_1029PX">1029px</dimen>
    <dimen name="DIMEN_1030PX">1030px</dimen>
    <dimen name="DIMEN_1031PX">1031px</dimen>
    <dimen name="DIMEN_1032PX">1032px</dimen>
    <dimen name="DIMEN_1033PX">1033px</dimen>
    <dimen name="DIMEN_1034PX">1034px</dimen>
    <dimen name="DIMEN_1035PX">1035px</dimen>
    <dimen name="DIMEN_1036PX">1036px</dimen>
    <dimen name="DIMEN_1037PX">1037px</dimen>
    <dimen name="DIMEN_1038PX">1038px</dimen>
    <dimen name="DIMEN_1039PX">1039px</dimen>
    <dimen name="DIMEN_1040PX">1040px</dimen>
    <dimen name="DIMEN_1041PX">1041px</dimen>
    <dimen name="DIMEN_1042PX">1042px</dimen>
    <dimen name="DIMEN_1043PX">1043px</dimen>
    <dimen name="DIMEN_1044PX">1044px</dimen>
    <dimen name="DIMEN_1045PX">1045px</dimen>
    <dimen name="DIMEN_1046PX">1046px</dimen>
    <dimen name="DIMEN_1047PX">1047px</dimen>
    <dimen name="DIMEN_1048PX">1048px</dimen>
    <dimen name="DIMEN_1049PX">1049px</dimen>
    <dimen name="DIMEN_1050PX">1050px</dimen>
    <dimen name="DIMEN_1051PX">1051px</dimen>
    <dimen name="DIMEN_1052PX">1052px</dimen>
    <dimen name="DIMEN_1053PX">1053px</dimen>
    <dimen name="DIMEN_1054PX">1054px</dimen>
    <dimen name="DIMEN_1055PX">1055px</dimen>
    <dimen name="DIMEN_1056PX">1056px</dimen>
    <dimen name="DIMEN_1057PX">1057px</dimen>
    <dimen name="DIMEN_1058PX">1058px</dimen>
    <dimen name="DIMEN_1059PX">1059px</dimen>
    <dimen name="DIMEN_1060PX">1060px</dimen>
    <dimen name="DIMEN_1061PX">1061px</dimen>
    <dimen name="DIMEN_1062PX">1062px</dimen>
    <dimen name="DIMEN_1063PX">1063px</dimen>
    <dimen name="DIMEN_1064PX">1064px</dimen>
    <dimen name="DIMEN_1065PX">1065px</dimen>
    <dimen name="DIMEN_1066PX">1066px</dimen>
    <dimen name="DIMEN_1067PX">1067px</dimen>
    <dimen name="DIMEN_1068PX">1068px</dimen>
    <dimen name="DIMEN_1069PX">1069px</dimen>
    <dimen name="DIMEN_1070PX">1070px</dimen>
    <dimen name="DIMEN_1071PX">1071px</dimen>
    <dimen name="DIMEN_1072PX">1072px</dimen>
    <dimen name="DIMEN_1073PX">1073px</dimen>
    <dimen name="DIMEN_1074PX">1074px</dimen>
    <dimen name="DIMEN_1075PX">1075px</dimen>
    <dimen name="DIMEN_1076PX">1076px</dimen>
    <dimen name="DIMEN_1077PX">1077px</dimen>
    <dimen name="DIMEN_1078PX">1078px</dimen>
    <dimen name="DIMEN_1079PX">1079px</dimen>
    <dimen name="DIMEN_1080PX">1080px</dimen>
    <dimen name="DIMEN_1081PX">1081px</dimen>
    <dimen name="DIMEN_1082PX">1082px</dimen>
    <dimen name="DIMEN_1083PX">1083px</dimen>
    <dimen name="DIMEN_1084PX">1084px</dimen>
    <dimen name="DIMEN_1085PX">1085px</dimen>
    <dimen name="DIMEN_1086PX">1086px</dimen>
    <dimen name="DIMEN_1087PX">1087px</dimen>
    <dimen name="DIMEN_1088PX">1088px</dimen>
    <dimen name="DIMEN_1089PX">1089px</dimen>
    <dimen name="DIMEN_1090PX">1090px</dimen>
    <dimen name="DIMEN_1091PX">1091px</dimen>
    <dimen name="DIMEN_1092PX">1092px</dimen>
    <dimen name="DIMEN_1093PX">1093px</dimen>
    <dimen name="DIMEN_1094PX">1094px</dimen>
    <dimen name="DIMEN_1095PX">1095px</dimen>
    <dimen name="DIMEN_1096PX">1096px</dimen>
    <dimen name="DIMEN_1097PX">1097px</dimen>
    <dimen name="DIMEN_1098PX">1098px</dimen>
    <dimen name="DIMEN_1099PX">1099px</dimen>
    <dimen name="DIMEN_1100PX">1100px</dimen>
    <dimen name="DIMEN_1101PX">1101px</dimen>
    <dimen name="DIMEN_1102PX">1102px</dimen>
    <dimen name="DIMEN_1103PX">1103px</dimen>
    <dimen name="DIMEN_1104PX">1104px</dimen>
    <dimen name="DIMEN_1105PX">1105px</dimen>
    <dimen name="DIMEN_1106PX">1106px</dimen>
    <dimen name="DIMEN_1107PX">1107px</dimen>
    <dimen name="DIMEN_1108PX">1108px</dimen>
    <dimen name="DIMEN_1109PX">1109px</dimen>
    <dimen name="DIMEN_1110PX">1110px</dimen>
    <dimen name="DIMEN_1111PX">1111px</dimen>
    <dimen name="DIMEN_1112PX">1112px</dimen>
    <dimen name="DIMEN_1113PX">1113px</dimen>
    <dimen name="DIMEN_1114PX">1114px</dimen>
    <dimen name="DIMEN_1115PX">1115px</dimen>
    <dimen name="DIMEN_1116PX">1116px</dimen>
    <dimen name="DIMEN_1117PX">1117px</dimen>
    <dimen name="DIMEN_1118PX">1118px</dimen>
    <dimen name="DIMEN_1119PX">1119px</dimen>
    <dimen name="DIMEN_1120PX">1120px</dimen>
    <dimen name="DIMEN_1121PX">1121px</dimen>
    <dimen name="DIMEN_1122PX">1122px</dimen>
    <dimen name="DIMEN_1123PX">1123px</dimen>
    <dimen name="DIMEN_1124PX">1124px</dimen>
    <dimen name="DIMEN_1125PX">1125px</dimen>
    <dimen name="DIMEN_1126PX">1126px</dimen>
    <dimen name="DIMEN_1127PX">1127px</dimen>
    <dimen name="DIMEN_1128PX">1128px</dimen>
    <dimen name="DIMEN_1129PX">1129px</dimen>
    <dimen name="DIMEN_1130PX">1130px</dimen>
    <dimen name="DIMEN_1131PX">1131px</dimen>
    <dimen name="DIMEN_1132PX">1132px</dimen>
    <dimen name="DIMEN_1133PX">1133px</dimen>
    <dimen name="DIMEN_1134PX">1134px</dimen>
    <dimen name="DIMEN_1135PX">1135px</dimen>
    <dimen name="DIMEN_1136PX">1136px</dimen>
    <dimen name="DIMEN_1137PX">1137px</dimen>
    <dimen name="DIMEN_1138PX">1138px</dimen>
    <dimen name="DIMEN_1139PX">1139px</dimen>
    <dimen name="DIMEN_1140PX">1140px</dimen>
    <dimen name="DIMEN_1141PX">1141px</dimen>
    <dimen name="DIMEN_1142PX">1142px</dimen>
    <dimen name="DIMEN_1143PX">1143px</dimen>
    <dimen name="DIMEN_1144PX">1144px</dimen>
    <dimen name="DIMEN_1145PX">1145px</dimen>
    <dimen name="DIMEN_1146PX">1146px</dimen>
    <dimen name="DIMEN_1147PX">1147px</dimen>
    <dimen name="DIMEN_1148PX">1148px</dimen>
    <dimen name="DIMEN_1149PX">1149px</dimen>
    <dimen name="DIMEN_1150PX">1150px</dimen>
    <dimen name="DIMEN_1151PX">1151px</dimen>
    <dimen name="DIMEN_1152PX">1152px</dimen>
    <dimen name="DIMEN_1153PX">1153px</dimen>
    <dimen name="DIMEN_1154PX">1154px</dimen>
    <dimen name="DIMEN_1155PX">1155px</dimen>
    <dimen name="DIMEN_1156PX">1156px</dimen>
    <dimen name="DIMEN_1157PX">1157px</dimen>
    <dimen name="DIMEN_1158PX">1158px</dimen>
    <dimen name="DIMEN_1159PX">1159px</dimen>
    <dimen name="DIMEN_1160PX">1160px</dimen>
    <dimen name="DIMEN_1161PX">1161px</dimen>
    <dimen name="DIMEN_1162PX">1162px</dimen>
    <dimen name="DIMEN_1163PX">1163px</dimen>
    <dimen name="DIMEN_1164PX">1164px</dimen>
    <dimen name="DIMEN_1165PX">1165px</dimen>
    <dimen name="DIMEN_1166PX">1166px</dimen>
    <dimen name="DIMEN_1167PX">1167px</dimen>
    <dimen name="DIMEN_1168PX">1168px</dimen>
    <dimen name="DIMEN_1169PX">1169px</dimen>
    <dimen name="DIMEN_1170PX">1170px</dimen>
    <dimen name="DIMEN_1171PX">1171px</dimen>
    <dimen name="DIMEN_1172PX">1172px</dimen>
    <dimen name="DIMEN_1173PX">1173px</dimen>
    <dimen name="DIMEN_1174PX">1174px</dimen>
    <dimen name="DIMEN_1175PX">1175px</dimen>
    <dimen name="DIMEN_1176PX">1176px</dimen>
    <dimen name="DIMEN_1177PX">1177px</dimen>
    <dimen name="DIMEN_1178PX">1178px</dimen>
    <dimen name="DIMEN_1179PX">1179px</dimen>
    <dimen name="DIMEN_1180PX">1180px</dimen>
    <dimen name="DIMEN_1181PX">1181px</dimen>
    <dimen name="DIMEN_1182PX">1182px</dimen>
    <dimen name="DIMEN_1183PX">1183px</dimen>
    <dimen name="DIMEN_1184PX">1184px</dimen>
    <dimen name="DIMEN_1185PX">1185px</dimen>
    <dimen name="DIMEN_1186PX">1186px</dimen>
    <dimen name="DIMEN_1187PX">1187px</dimen>
    <dimen name="DIMEN_1188PX">1188px</dimen>
    <dimen name="DIMEN_1189PX">1189px</dimen>
    <dimen name="DIMEN_1190PX">1190px</dimen>
    <dimen name="DIMEN_1191PX">1191px</dimen>
    <dimen name="DIMEN_1192PX">1192px</dimen>
    <dimen name="DIMEN_1193PX">1193px</dimen>
    <dimen name="DIMEN_1194PX">1194px</dimen>
    <dimen name="DIMEN_1195PX">1195px</dimen>
    <dimen name="DIMEN_1196PX">1196px</dimen>
    <dimen name="DIMEN_1197PX">1197px</dimen>
    <dimen name="DIMEN_1198PX">1198px</dimen>
    <dimen name="DIMEN_1199PX">1199px</dimen>
    <dimen name="DIMEN_1200PX">1200px</dimen>
    <dimen name="DIMEN_1201PX">1201px</dimen>
    <dimen name="DIMEN_1202PX">1202px</dimen>
    <dimen name="DIMEN_1203PX">1203px</dimen>
    <dimen name="DIMEN_1204PX">1204px</dimen>
    <dimen name="DIMEN_1205PX">1205px</dimen>
    <dimen name="DIMEN_1206PX">1206px</dimen>
    <dimen name="DIMEN_1207PX">1207px</dimen>
    <dimen name="DIMEN_1208PX">1208px</dimen>
    <dimen name="DIMEN_1209PX">1209px</dimen>
    <dimen name="DIMEN_1210PX">1210px</dimen>
    <dimen name="DIMEN_1211PX">1211px</dimen>
    <dimen name="DIMEN_1212PX">1212px</dimen>
    <dimen name="DIMEN_1213PX">1213px</dimen>
    <dimen name="DIMEN_1214PX">1214px</dimen>
    <dimen name="DIMEN_1215PX">1215px</dimen>
    <dimen name="DIMEN_1216PX">1216px</dimen>
    <dimen name="DIMEN_1217PX">1217px</dimen>
    <dimen name="DIMEN_1218PX">1218px</dimen>
    <dimen name="DIMEN_1219PX">1219px</dimen>
    <dimen name="DIMEN_1220PX">1220px</dimen>
    <dimen name="DIMEN_1221PX">1221px</dimen>
    <dimen name="DIMEN_1222PX">1222px</dimen>
    <dimen name="DIMEN_1223PX">1223px</dimen>
    <dimen name="DIMEN_1224PX">1224px</dimen>
    <dimen name="DIMEN_1225PX">1225px</dimen>
    <dimen name="DIMEN_1226PX">1226px</dimen>
    <dimen name="DIMEN_1227PX">1227px</dimen>
    <dimen name="DIMEN_1228PX">1228px</dimen>
    <dimen name="DIMEN_1229PX">1229px</dimen>
    <dimen name="DIMEN_1230PX">1230px</dimen>
    <dimen name="DIMEN_1231PX">1231px</dimen>
    <dimen name="DIMEN_1232PX">1232px</dimen>
    <dimen name="DIMEN_1233PX">1233px</dimen>
    <dimen name="DIMEN_1234PX">1234px</dimen>
    <dimen name="DIMEN_1235PX">1235px</dimen>
    <dimen name="DIMEN_1236PX">1236px</dimen>
    <dimen name="DIMEN_1237PX">1237px</dimen>
    <dimen name="DIMEN_1238PX">1238px</dimen>
    <dimen name="DIMEN_1239PX">1239px</dimen>
    <dimen name="DIMEN_1240PX">1240px</dimen>
    <dimen name="DIMEN_1241PX">1241px</dimen>
    <dimen name="DIMEN_1242PX">1242px</dimen>
    <dimen name="DIMEN_1243PX">1243px</dimen>
    <dimen name="DIMEN_1244PX">1244px</dimen>
    <dimen name="DIMEN_1245PX">1245px</dimen>
    <dimen name="DIMEN_1246PX">1246px</dimen>
    <dimen name="DIMEN_1247PX">1247px</dimen>
    <dimen name="DIMEN_1248PX">1248px</dimen>
    <dimen name="DIMEN_1249PX">1249px</dimen>
    <dimen name="DIMEN_1250PX">1250px</dimen>
    <dimen name="DIMEN_1251PX">1251px</dimen>
    <dimen name="DIMEN_1252PX">1252px</dimen>
    <dimen name="DIMEN_1253PX">1253px</dimen>
    <dimen name="DIMEN_1254PX">1254px</dimen>
    <dimen name="DIMEN_1255PX">1255px</dimen>
    <dimen name="DIMEN_1256PX">1256px</dimen>
    <dimen name="DIMEN_1257PX">1257px</dimen>
    <dimen name="DIMEN_1258PX">1258px</dimen>
    <dimen name="DIMEN_1259PX">1259px</dimen>
    <dimen name="DIMEN_1260PX">1260px</dimen>
    <dimen name="DIMEN_1261PX">1261px</dimen>
    <dimen name="DIMEN_1262PX">1262px</dimen>
    <dimen name="DIMEN_1263PX">1263px</dimen>
    <dimen name="DIMEN_1264PX">1264px</dimen>
    <dimen name="DIMEN_1265PX">1265px</dimen>
    <dimen name="DIMEN_1266PX">1266px</dimen>
    <dimen name="DIMEN_1267PX">1267px</dimen>
    <dimen name="DIMEN_1268PX">1268px</dimen>
    <dimen name="DIMEN_1269PX">1269px</dimen>
    <dimen name="DIMEN_1270PX">1270px</dimen>
    <dimen name="DIMEN_1271PX">1271px</dimen>
    <dimen name="DIMEN_1272PX">1272px</dimen>
    <dimen name="DIMEN_1273PX">1273px</dimen>
    <dimen name="DIMEN_1274PX">1274px</dimen>
    <dimen name="DIMEN_1275PX">1275px</dimen>
    <dimen name="DIMEN_1276PX">1276px</dimen>
    <dimen name="DIMEN_1277PX">1277px</dimen>
    <dimen name="DIMEN_1278PX">1278px</dimen>
    <dimen name="DIMEN_1279PX">1279px</dimen>
    <dimen name="DIMEN_1280PX">1280px</dimen>
    <dimen name="DIMEN_1281PX">1281px</dimen>
    <dimen name="DIMEN_1282PX">1282px</dimen>
    <dimen name="DIMEN_1283PX">1283px</dimen>
    <dimen name="DIMEN_1284PX">1284px</dimen>
    <dimen name="DIMEN_1285PX">1285px</dimen>
    <dimen name="DIMEN_1286PX">1286px</dimen>
    <dimen name="DIMEN_1287PX">1287px</dimen>
    <dimen name="DIMEN_1288PX">1288px</dimen>
    <dimen name="DIMEN_1289PX">1289px</dimen>
    <dimen name="DIMEN_1290PX">1290px</dimen>
    <dimen name="DIMEN_1291PX">1291px</dimen>
    <dimen name="DIMEN_1292PX">1292px</dimen>
    <dimen name="DIMEN_1293PX">1293px</dimen>
    <dimen name="DIMEN_1294PX">1294px</dimen>
    <dimen name="DIMEN_1295PX">1295px</dimen>
    <dimen name="DIMEN_1296PX">1296px</dimen>
    <dimen name="DIMEN_1297PX">1297px</dimen>
    <dimen name="DIMEN_1298PX">1298px</dimen>
    <dimen name="DIMEN_1299PX">1299px</dimen>
    <dimen name="DIMEN_1300PX">1300px</dimen>
    <dimen name="DIMEN_1301PX">1301px</dimen>
    <dimen name="DIMEN_1302PX">1302px</dimen>
    <dimen name="DIMEN_1303PX">1303px</dimen>
    <dimen name="DIMEN_1304PX">1304px</dimen>
    <dimen name="DIMEN_1305PX">1305px</dimen>
    <dimen name="DIMEN_1306PX">1306px</dimen>
    <dimen name="DIMEN_1307PX">1307px</dimen>
    <dimen name="DIMEN_1308PX">1308px</dimen>
    <dimen name="DIMEN_1309PX">1309px</dimen>
    <dimen name="DIMEN_1310PX">1310px</dimen>
    <dimen name="DIMEN_1311PX">1311px</dimen>
    <dimen name="DIMEN_1312PX">1312px</dimen>
    <dimen name="DIMEN_1313PX">1313px</dimen>
    <dimen name="DIMEN_1314PX">1314px</dimen>
    <dimen name="DIMEN_1315PX">1315px</dimen>
    <dimen name="DIMEN_1316PX">1316px</dimen>
    <dimen name="DIMEN_1317PX">1317px</dimen>
    <dimen name="DIMEN_1318PX">1318px</dimen>
    <dimen name="DIMEN_1319PX">1319px</dimen>
    <dimen name="DIMEN_1320PX">1320px</dimen>
    <dimen name="DIMEN_1321PX">1321px</dimen>
    <dimen name="DIMEN_1322PX">1322px</dimen>
    <dimen name="DIMEN_1323PX">1323px</dimen>
    <dimen name="DIMEN_1324PX">1324px</dimen>
    <dimen name="DIMEN_1325PX">1325px</dimen>
    <dimen name="DIMEN_1326PX">1326px</dimen>
    <dimen name="DIMEN_1327PX">1327px</dimen>
    <dimen name="DIMEN_1328PX">1328px</dimen>
    <dimen name="DIMEN_1329PX">1329px</dimen>
    <dimen name="DIMEN_1330PX">1330px</dimen>
    <dimen name="DIMEN_1331PX">1331px</dimen>
    <dimen name="DIMEN_1332PX">1332px</dimen>
    <dimen name="DIMEN_1333PX">1333px</dimen>
    <dimen name="DIMEN_1334PX">1334px</dimen>
    <dimen name="DIMEN_1335PX">1335px</dimen>
    <dimen name="DIMEN_1336PX">1336px</dimen>
    <dimen name="DIMEN_1337PX">1337px</dimen>
    <dimen name="DIMEN_1338PX">1338px</dimen>
    <dimen name="DIMEN_1339PX">1339px</dimen>
    <dimen name="DIMEN_1340PX">1340px</dimen>
    <dimen name="DIMEN_1341PX">1341px</dimen>
    <dimen name="DIMEN_1342PX">1342px</dimen>
    <dimen name="DIMEN_1343PX">1343px</dimen>
    <dimen name="DIMEN_1344PX">1344px</dimen>
    <dimen name="DIMEN_1345PX">1345px</dimen>
    <dimen name="DIMEN_1346PX">1346px</dimen>
    <dimen name="DIMEN_1347PX">1347px</dimen>
    <dimen name="DIMEN_1348PX">1348px</dimen>
    <dimen name="DIMEN_1349PX">1349px</dimen>
    <dimen name="DIMEN_1350PX">1350px</dimen>
    <dimen name="DIMEN_1351PX">1351px</dimen>
    <dimen name="DIMEN_1352PX">1352px</dimen>
    <dimen name="DIMEN_1353PX">1353px</dimen>
    <dimen name="DIMEN_1354PX">1354px</dimen>
    <dimen name="DIMEN_1355PX">1355px</dimen>
    <dimen name="DIMEN_1356PX">1356px</dimen>
    <dimen name="DIMEN_1357PX">1357px</dimen>
    <dimen name="DIMEN_1358PX">1358px</dimen>
    <dimen name="DIMEN_1359PX">1359px</dimen>
    <dimen name="DIMEN_1360PX">1360px</dimen>
    <dimen name="DIMEN_1361PX">1361px</dimen>
    <dimen name="DIMEN_1362PX">1362px</dimen>
    <dimen name="DIMEN_1363PX">1363px</dimen>
    <dimen name="DIMEN_1364PX">1364px</dimen>
    <dimen name="DIMEN_1365PX">1365px</dimen>
    <dimen name="DIMEN_1366PX">1366px</dimen>
    <dimen name="DIMEN_1367PX">1367px</dimen>
    <dimen name="DIMEN_1368PX">1368px</dimen>
    <dimen name="DIMEN_1369PX">1369px</dimen>
    <dimen name="DIMEN_1370PX">1370px</dimen>
    <dimen name="DIMEN_1371PX">1371px</dimen>
    <dimen name="DIMEN_1372PX">1372px</dimen>
    <dimen name="DIMEN_1373PX">1373px</dimen>
    <dimen name="DIMEN_1374PX">1374px</dimen>
    <dimen name="DIMEN_1375PX">1375px</dimen>
    <dimen name="DIMEN_1376PX">1376px</dimen>
    <dimen name="DIMEN_1377PX">1377px</dimen>
    <dimen name="DIMEN_1378PX">1378px</dimen>
    <dimen name="DIMEN_1379PX">1379px</dimen>
    <dimen name="DIMEN_1380PX">1380px</dimen>
    <dimen name="DIMEN_1381PX">1381px</dimen>
    <dimen name="DIMEN_1382PX">1382px</dimen>
    <dimen name="DIMEN_1383PX">1383px</dimen>
    <dimen name="DIMEN_1384PX">1384px</dimen>
    <dimen name="DIMEN_1385PX">1385px</dimen>
    <dimen name="DIMEN_1386PX">1386px</dimen>
    <dimen name="DIMEN_1387PX">1387px</dimen>
    <dimen name="DIMEN_1388PX">1388px</dimen>
    <dimen name="DIMEN_1389PX">1389px</dimen>
    <dimen name="DIMEN_1390PX">1390px</dimen>
    <dimen name="DIMEN_1391PX">1391px</dimen>
    <dimen name="DIMEN_1392PX">1392px</dimen>
    <dimen name="DIMEN_1393PX">1393px</dimen>
    <dimen name="DIMEN_1394PX">1394px</dimen>
    <dimen name="DIMEN_1395PX">1395px</dimen>
    <dimen name="DIMEN_1396PX">1396px</dimen>
    <dimen name="DIMEN_1397PX">1397px</dimen>
    <dimen name="DIMEN_1398PX">1398px</dimen>
    <dimen name="DIMEN_1399PX">1399px</dimen>
    <dimen name="DIMEN_1400PX">1400px</dimen>

</resources>
