<?xml version="1.0" encoding="utf-8"?>
<resources>
    <dimen name="DIMEN_1PX">0.4166666dp</dimen>
    <dimen name="DIMEN_2PX">0.8333333dp</dimen>
    <dimen name="DIMEN_3PX">1.25dp</dimen>
    <dimen name="DIMEN_4PX">1.666666dp</dimen>
    <dimen name="DIMEN_5PX">2.083334dp</dimen>
    <dimen name="DIMEN_6PX">2.5dp</dimen>
    <dimen name="DIMEN_7PX">2.916666dp</dimen>
    <dimen name="DIMEN_8PX">3.333334dp</dimen>
    <dimen name="DIMEN_9PX">3.75dp</dimen>
    <dimen name="DIMEN_10PX">4.166666dp</dimen>
    <dimen name="DIMEN_11PX">4.583333dp</dimen>
    <dimen name="DIMEN_12PX">5dp</dimen>
    <dimen name="DIMEN_13PX">5.416666dp</dimen>
    <dimen name="DIMEN_14PX">5.833333dp</dimen>
    <dimen name="DIMEN_15PX">6.25dp</dimen>
    <dimen name="DIMEN_16PX">6.666666dp</dimen>
    <dimen name="DIMEN_17PX">7.083333dp</dimen>
    <dimen name="DIMEN_18PX">7.5dp</dimen>
    <dimen name="DIMEN_19PX">7.916667dp</dimen>
    <dimen name="DIMEN_20PX">8.333333dp</dimen>
    <dimen name="DIMEN_21PX">8.75dp</dimen>
    <dimen name="DIMEN_22PX">9.166666dp</dimen>
    <dimen name="DIMEN_23PX">9.583333dp</dimen>
    <dimen name="DIMEN_24PX">10dp</dimen>
    <dimen name="DIMEN_25PX">10.41667dp</dimen>
    <dimen name="DIMEN_26PX">10.83333dp</dimen>
    <dimen name="DIMEN_27PX">11.25dp</dimen>
    <dimen name="DIMEN_28PX">11.66667dp</dimen>
    <dimen name="DIMEN_29PX">12.08333dp</dimen>
    <dimen name="DIMEN_30PX">12.5dp</dimen>
    <dimen name="DIMEN_31PX">12.91666dp</dimen>
    <dimen name="DIMEN_32PX">13.33334dp</dimen>
    <dimen name="DIMEN_33PX">13.75dp</dimen>
    <dimen name="DIMEN_34PX">14.16666dp</dimen>
    <dimen name="DIMEN_35PX">14.58334dp</dimen>
    <dimen name="DIMEN_36PX">15dp</dimen>
    <dimen name="DIMEN_37PX">15.41666dp</dimen>
    <dimen name="DIMEN_38PX">15.83334dp</dimen>
    <dimen name="DIMEN_39PX">16.25dp</dimen>
    <dimen name="DIMEN_40PX">16.66666dp</dimen>
    <dimen name="DIMEN_41PX">17.08334dp</dimen>
    <dimen name="DIMEN_42PX">17.5dp</dimen>
    <dimen name="DIMEN_43PX">17.91666dp</dimen>
    <dimen name="DIMEN_44PX">18.33334dp</dimen>
    <dimen name="DIMEN_45PX">18.75dp</dimen>
    <dimen name="DIMEN_46PX">19.16666dp</dimen>
    <dimen name="DIMEN_47PX">19.58334dp</dimen>
    <dimen name="DIMEN_48PX">20dp</dimen>
    <dimen name="DIMEN_49PX">20.41666dp</dimen>
    <dimen name="DIMEN_50PX">20.83334dp</dimen>
    <dimen name="DIMEN_51PX">21.25dp</dimen>
    <dimen name="DIMEN_52PX">21.66666dp</dimen>
    <dimen name="DIMEN_53PX">22.08334dp</dimen>
    <dimen name="DIMEN_54PX">22.5dp</dimen>
    <dimen name="DIMEN_55PX">22.91666dp</dimen>
    <dimen name="DIMEN_56PX">23.33334dp</dimen>
    <dimen name="DIMEN_57PX">23.75dp</dimen>
    <dimen name="DIMEN_58PX">24.16666dp</dimen>
    <dimen name="DIMEN_59PX">24.58334dp</dimen>
    <dimen name="DIMEN_60PX">25dp</dimen>
    <dimen name="DIMEN_61PX">25.41666dp</dimen>
    <dimen name="DIMEN_62PX">25.83334dp</dimen>
    <dimen name="DIMEN_63PX">26.25dp</dimen>
    <dimen name="DIMEN_64PX">26.66666dp</dimen>
    <dimen name="DIMEN_65PX">27.08334dp</dimen>
    <dimen name="DIMEN_66PX">27.5dp</dimen>
    <dimen name="DIMEN_67PX">27.91666dp</dimen>
    <dimen name="DIMEN_68PX">28.33334dp</dimen>
    <dimen name="DIMEN_69PX">28.75dp</dimen>
    <dimen name="DIMEN_70PX">29.16666dp</dimen>
    <dimen name="DIMEN_71PX">29.58334dp</dimen>
    <dimen name="DIMEN_72PX">30dp</dimen>
    <dimen name="DIMEN_73PX">30.41666dp</dimen>
    <dimen name="DIMEN_74PX">30.83334dp</dimen>
    <dimen name="DIMEN_75PX">31.25dp</dimen>
    <dimen name="DIMEN_76PX">31.66666dp</dimen>
    <dimen name="DIMEN_77PX">32.08334dp</dimen>
    <dimen name="DIMEN_78PX">32.5dp</dimen>
    <dimen name="DIMEN_79PX">32.91666dp</dimen>
    <dimen name="DIMEN_80PX">33.33334dp</dimen>
    <dimen name="DIMEN_81PX">33.75dp</dimen>
    <dimen name="DIMEN_82PX">34.16666dp</dimen>
    <dimen name="DIMEN_83PX">34.58334dp</dimen>
    <dimen name="DIMEN_84PX">35dp</dimen>
    <dimen name="DIMEN_85PX">35.41666dp</dimen>
    <dimen name="DIMEN_86PX">35.83334dp</dimen>
    <dimen name="DIMEN_87PX">36.25dp</dimen>
    <dimen name="DIMEN_88PX">36.66666dp</dimen>
    <dimen name="DIMEN_89PX">37.08334dp</dimen>
    <dimen name="DIMEN_90PX">37.5dp</dimen>
    <dimen name="DIMEN_91PX">37.91666dp</dimen>
    <dimen name="DIMEN_92PX">38.33334dp</dimen>
    <dimen name="DIMEN_93PX">38.75dp</dimen>
    <dimen name="DIMEN_94PX">39.16666dp</dimen>
    <dimen name="DIMEN_95PX">39.58334dp</dimen>
    <dimen name="DIMEN_96PX">40dp</dimen>
    <dimen name="DIMEN_97PX">40.41666dp</dimen>
    <dimen name="DIMEN_98PX">40.83334dp</dimen>
    <dimen name="DIMEN_99PX">41.25dp</dimen>
    <dimen name="DIMEN_100PX">41.66666dp</dimen>
    <dimen name="DIMEN_101PX">42.08334dp</dimen>
    <dimen name="DIMEN_102PX">42.5dp</dimen>
    <dimen name="DIMEN_103PX">42.91666dp</dimen>
    <dimen name="DIMEN_104PX">43.33334dp</dimen>
    <dimen name="DIMEN_105PX">43.75dp</dimen>
    <dimen name="DIMEN_106PX">44.16666dp</dimen>
    <dimen name="DIMEN_107PX">44.58334dp</dimen>
    <dimen name="DIMEN_108PX">45dp</dimen>
    <dimen name="DIMEN_109PX">45.41666dp</dimen>
    <dimen name="DIMEN_110PX">45.83334dp</dimen>
    <dimen name="DIMEN_111PX">46.25dp</dimen>
    <dimen name="DIMEN_112PX">46.66666dp</dimen>
    <dimen name="DIMEN_113PX">47.08334dp</dimen>
    <dimen name="DIMEN_114PX">47.5dp</dimen>
    <dimen name="DIMEN_115PX">47.91666dp</dimen>
    <dimen name="DIMEN_116PX">48.33334dp</dimen>
    <dimen name="DIMEN_117PX">48.75dp</dimen>
    <dimen name="DIMEN_118PX">49.16666dp</dimen>
    <dimen name="DIMEN_119PX">49.58334dp</dimen>
    <dimen name="DIMEN_120PX">50dp</dimen>
    <dimen name="DIMEN_121PX">50.41666dp</dimen>
    <dimen name="DIMEN_122PX">50.83334dp</dimen>
    <dimen name="DIMEN_123PX">51.25dp</dimen>
    <dimen name="DIMEN_124PX">51.66666dp</dimen>
    <dimen name="DIMEN_125PX">52.08334dp</dimen>
    <dimen name="DIMEN_126PX">52.5dp</dimen>
    <dimen name="DIMEN_127PX">52.91666dp</dimen>
    <dimen name="DIMEN_128PX">53.33334dp</dimen>
    <dimen name="DIMEN_129PX">53.75dp</dimen>
    <dimen name="DIMEN_130PX">54.16666dp</dimen>
    <dimen name="DIMEN_131PX">54.58334dp</dimen>
    <dimen name="DIMEN_132PX">55dp</dimen>
    <dimen name="DIMEN_133PX">55.41666dp</dimen>
    <dimen name="DIMEN_134PX">55.83334dp</dimen>
    <dimen name="DIMEN_135PX">56.25dp</dimen>
    <dimen name="DIMEN_136PX">56.66666dp</dimen>
    <dimen name="DIMEN_137PX">57.08334dp</dimen>
    <dimen name="DIMEN_138PX">57.5dp</dimen>
    <dimen name="DIMEN_139PX">57.91666dp</dimen>
    <dimen name="DIMEN_140PX">58.33334dp</dimen>
    <dimen name="DIMEN_141PX">58.75dp</dimen>
    <dimen name="DIMEN_142PX">59.16666dp</dimen>
    <dimen name="DIMEN_143PX">59.58334dp</dimen>
    <dimen name="DIMEN_144PX">60dp</dimen>
    <dimen name="DIMEN_145PX">60.41666dp</dimen>
    <dimen name="DIMEN_146PX">60.83334dp</dimen>
    <dimen name="DIMEN_147PX">61.25dp</dimen>
    <dimen name="DIMEN_148PX">61.66666dp</dimen>
    <dimen name="DIMEN_149PX">62.08334dp</dimen>
    <dimen name="DIMEN_150PX">62.5dp</dimen>
    <dimen name="DIMEN_151PX">62.91666dp</dimen>
    <dimen name="DIMEN_152PX">63.33334dp</dimen>
    <dimen name="DIMEN_153PX">63.75dp</dimen>
    <dimen name="DIMEN_154PX">64.16666dp</dimen>
    <dimen name="DIMEN_155PX">64.58334dp</dimen>
    <dimen name="DIMEN_156PX">65dp</dimen>
    <dimen name="DIMEN_157PX">65.41666dp</dimen>
    <dimen name="DIMEN_158PX">65.83334dp</dimen>
    <dimen name="DIMEN_159PX">66.25dp</dimen>
    <dimen name="DIMEN_160PX">66.66666dp</dimen>
    <dimen name="DIMEN_161PX">67.08334dp</dimen>
    <dimen name="DIMEN_162PX">67.5dp</dimen>
    <dimen name="DIMEN_163PX">67.91666dp</dimen>
    <dimen name="DIMEN_164PX">68.33334dp</dimen>
    <dimen name="DIMEN_165PX">68.75dp</dimen>
    <dimen name="DIMEN_166PX">69.16666dp</dimen>
    <dimen name="DIMEN_167PX">69.58334dp</dimen>
    <dimen name="DIMEN_168PX">70dp</dimen>
    <dimen name="DIMEN_169PX">70.41666dp</dimen>
    <dimen name="DIMEN_170PX">70.83334dp</dimen>
    <dimen name="DIMEN_171PX">71.25dp</dimen>
    <dimen name="DIMEN_172PX">71.66666dp</dimen>
    <dimen name="DIMEN_173PX">72.08334dp</dimen>
    <dimen name="DIMEN_174PX">72.5dp</dimen>
    <dimen name="DIMEN_175PX">72.91666dp</dimen>
    <dimen name="DIMEN_176PX">73.33334dp</dimen>
    <dimen name="DIMEN_177PX">73.75dp</dimen>
    <dimen name="DIMEN_178PX">74.16666dp</dimen>
    <dimen name="DIMEN_179PX">74.58334dp</dimen>
    <dimen name="DIMEN_180PX">75dp</dimen>
    <dimen name="DIMEN_181PX">75.41666dp</dimen>
    <dimen name="DIMEN_182PX">75.83334dp</dimen>
    <dimen name="DIMEN_183PX">76.25dp</dimen>
    <dimen name="DIMEN_184PX">76.66666dp</dimen>
    <dimen name="DIMEN_185PX">77.08334dp</dimen>
    <dimen name="DIMEN_186PX">77.5dp</dimen>
    <dimen name="DIMEN_187PX">77.91666dp</dimen>
    <dimen name="DIMEN_188PX">78.33334dp</dimen>
    <dimen name="DIMEN_189PX">78.75dp</dimen>
    <dimen name="DIMEN_190PX">79.16666dp</dimen>
    <dimen name="DIMEN_191PX">79.58334dp</dimen>
    <dimen name="DIMEN_192PX">80dp</dimen>
    <dimen name="DIMEN_193PX">80.41668dp</dimen>
    <dimen name="DIMEN_194PX">80.83332dp</dimen>
    <dimen name="DIMEN_195PX">81.25dp</dimen>
    <dimen name="DIMEN_196PX">81.66668dp</dimen>
    <dimen name="DIMEN_197PX">82.08332dp</dimen>
    <dimen name="DIMEN_198PX">82.5dp</dimen>
    <dimen name="DIMEN_199PX">82.91668dp</dimen>
    <dimen name="DIMEN_200PX">83.33332dp</dimen>
    <dimen name="DIMEN_201PX">83.75dp</dimen>
    <dimen name="DIMEN_202PX">84.16668dp</dimen>
    <dimen name="DIMEN_203PX">84.58332dp</dimen>
    <dimen name="DIMEN_204PX">85dp</dimen>
    <dimen name="DIMEN_205PX">85.41668dp</dimen>
    <dimen name="DIMEN_206PX">85.83332dp</dimen>
    <dimen name="DIMEN_207PX">86.25dp</dimen>
    <dimen name="DIMEN_208PX">86.66668dp</dimen>
    <dimen name="DIMEN_209PX">87.08332dp</dimen>
    <dimen name="DIMEN_210PX">87.5dp</dimen>
    <dimen name="DIMEN_211PX">87.91668dp</dimen>
    <dimen name="DIMEN_212PX">88.33332dp</dimen>
    <dimen name="DIMEN_213PX">88.75dp</dimen>
    <dimen name="DIMEN_214PX">89.16668dp</dimen>
    <dimen name="DIMEN_215PX">89.58332dp</dimen>
    <dimen name="DIMEN_216PX">90dp</dimen>
    <dimen name="DIMEN_217PX">90.41668dp</dimen>
    <dimen name="DIMEN_218PX">90.83332dp</dimen>
    <dimen name="DIMEN_219PX">91.25dp</dimen>
    <dimen name="DIMEN_220PX">91.66668dp</dimen>
    <dimen name="DIMEN_221PX">92.08332dp</dimen>
    <dimen name="DIMEN_222PX">92.5dp</dimen>
    <dimen name="DIMEN_223PX">92.91668dp</dimen>
    <dimen name="DIMEN_224PX">93.33332dp</dimen>
    <dimen name="DIMEN_225PX">93.75dp</dimen>
    <dimen name="DIMEN_226PX">94.16668dp</dimen>
    <dimen name="DIMEN_227PX">94.58332dp</dimen>
    <dimen name="DIMEN_228PX">95dp</dimen>
    <dimen name="DIMEN_229PX">95.41668dp</dimen>
    <dimen name="DIMEN_230PX">95.83332dp</dimen>
    <dimen name="DIMEN_231PX">96.25dp</dimen>
    <dimen name="DIMEN_232PX">96.66668dp</dimen>
    <dimen name="DIMEN_233PX">97.08332dp</dimen>
    <dimen name="DIMEN_234PX">97.5dp</dimen>
    <dimen name="DIMEN_235PX">97.91668dp</dimen>
    <dimen name="DIMEN_236PX">98.33332dp</dimen>
    <dimen name="DIMEN_237PX">98.75dp</dimen>
    <dimen name="DIMEN_238PX">99.16668dp</dimen>
    <dimen name="DIMEN_239PX">99.58332dp</dimen>
    <dimen name="DIMEN_240PX">100dp</dimen>
    <dimen name="DIMEN_241PX">100.4167dp</dimen>
    <dimen name="DIMEN_242PX">100.8333dp</dimen>
    <dimen name="DIMEN_243PX">101.25dp</dimen>
    <dimen name="DIMEN_244PX">101.6667dp</dimen>
    <dimen name="DIMEN_245PX">102.0833dp</dimen>
    <dimen name="DIMEN_246PX">102.5dp</dimen>
    <dimen name="DIMEN_247PX">102.9167dp</dimen>
    <dimen name="DIMEN_248PX">103.3333dp</dimen>
    <dimen name="DIMEN_249PX">103.75dp</dimen>
    <dimen name="DIMEN_250PX">104.1667dp</dimen>
    <dimen name="DIMEN_251PX">104.5833dp</dimen>
    <dimen name="DIMEN_252PX">105dp</dimen>
    <dimen name="DIMEN_253PX">105.4167dp</dimen>
    <dimen name="DIMEN_254PX">105.8333dp</dimen>
    <dimen name="DIMEN_255PX">106.25dp</dimen>
    <dimen name="DIMEN_256PX">106.6667dp</dimen>
    <dimen name="DIMEN_257PX">107.0833dp</dimen>
    <dimen name="DIMEN_258PX">107.5dp</dimen>
    <dimen name="DIMEN_259PX">107.9167dp</dimen>
    <dimen name="DIMEN_260PX">108.3333dp</dimen>
    <dimen name="DIMEN_261PX">108.75dp</dimen>
    <dimen name="DIMEN_262PX">109.1667dp</dimen>
    <dimen name="DIMEN_263PX">109.5833dp</dimen>
    <dimen name="DIMEN_264PX">110dp</dimen>
    <dimen name="DIMEN_265PX">110.4167dp</dimen>
    <dimen name="DIMEN_266PX">110.8333dp</dimen>
    <dimen name="DIMEN_267PX">111.25dp</dimen>
    <dimen name="DIMEN_268PX">111.6667dp</dimen>
    <dimen name="DIMEN_269PX">112.0833dp</dimen>
    <dimen name="DIMEN_270PX">112.5dp</dimen>
    <dimen name="DIMEN_271PX">112.9167dp</dimen>
    <dimen name="DIMEN_272PX">113.3333dp</dimen>
    <dimen name="DIMEN_273PX">113.75dp</dimen>
    <dimen name="DIMEN_274PX">114.1667dp</dimen>
    <dimen name="DIMEN_275PX">114.5833dp</dimen>
    <dimen name="DIMEN_276PX">115dp</dimen>
    <dimen name="DIMEN_277PX">115.4167dp</dimen>
    <dimen name="DIMEN_278PX">115.8333dp</dimen>
    <dimen name="DIMEN_279PX">116.25dp</dimen>
    <dimen name="DIMEN_280PX">116.6667dp</dimen>
    <dimen name="DIMEN_281PX">117.0833dp</dimen>
    <dimen name="DIMEN_282PX">117.5dp</dimen>
    <dimen name="DIMEN_283PX">117.9167dp</dimen>
    <dimen name="DIMEN_284PX">118.3333dp</dimen>
    <dimen name="DIMEN_285PX">118.75dp</dimen>
    <dimen name="DIMEN_286PX">119.1667dp</dimen>
    <dimen name="DIMEN_287PX">119.5833dp</dimen>
    <dimen name="DIMEN_288PX">120dp</dimen>
    <dimen name="DIMEN_289PX">120.4167dp</dimen>
    <dimen name="DIMEN_290PX">120.8333dp</dimen>
    <dimen name="DIMEN_291PX">121.25dp</dimen>
    <dimen name="DIMEN_292PX">121.6667dp</dimen>
    <dimen name="DIMEN_293PX">122.0833dp</dimen>
    <dimen name="DIMEN_294PX">122.5dp</dimen>
    <dimen name="DIMEN_295PX">122.9167dp</dimen>
    <dimen name="DIMEN_296PX">123.3333dp</dimen>
    <dimen name="DIMEN_297PX">123.75dp</dimen>
    <dimen name="DIMEN_298PX">124.1667dp</dimen>
    <dimen name="DIMEN_299PX">124.5833dp</dimen>
    <dimen name="DIMEN_300PX">125dp</dimen>
    <dimen name="DIMEN_301PX">125.4166dp</dimen>
    <dimen name="DIMEN_302PX">125.8334dp</dimen>
    <dimen name="DIMEN_303PX">126.25dp</dimen>
    <dimen name="DIMEN_304PX">126.6666dp</dimen>
    <dimen name="DIMEN_305PX">127.0834dp</dimen>
    <dimen name="DIMEN_306PX">127.5dp</dimen>
    <dimen name="DIMEN_307PX">127.9166dp</dimen>
    <dimen name="DIMEN_308PX">128.3334dp</dimen>
    <dimen name="DIMEN_309PX">128.75dp</dimen>
    <dimen name="DIMEN_310PX">129.1666dp</dimen>
    <dimen name="DIMEN_311PX">129.5834dp</dimen>
    <dimen name="DIMEN_312PX">130dp</dimen>
    <dimen name="DIMEN_313PX">130.4166dp</dimen>
    <dimen name="DIMEN_314PX">130.8334dp</dimen>
    <dimen name="DIMEN_315PX">131.25dp</dimen>
    <dimen name="DIMEN_316PX">131.6666dp</dimen>
    <dimen name="DIMEN_317PX">132.0834dp</dimen>
    <dimen name="DIMEN_318PX">132.5dp</dimen>
    <dimen name="DIMEN_319PX">132.9166dp</dimen>
    <dimen name="DIMEN_320PX">133.3334dp</dimen>
    <dimen name="DIMEN_321PX">133.75dp</dimen>
    <dimen name="DIMEN_322PX">134.1666dp</dimen>
    <dimen name="DIMEN_323PX">134.5834dp</dimen>
    <dimen name="DIMEN_324PX">135dp</dimen>
    <dimen name="DIMEN_325PX">135.4166dp</dimen>
    <dimen name="DIMEN_326PX">135.8334dp</dimen>
    <dimen name="DIMEN_327PX">136.25dp</dimen>
    <dimen name="DIMEN_328PX">136.6666dp</dimen>
    <dimen name="DIMEN_329PX">137.0834dp</dimen>
    <dimen name="DIMEN_330PX">137.5dp</dimen>
    <dimen name="DIMEN_331PX">137.9166dp</dimen>
    <dimen name="DIMEN_332PX">138.3334dp</dimen>
    <dimen name="DIMEN_333PX">138.75dp</dimen>
    <dimen name="DIMEN_334PX">139.1666dp</dimen>
    <dimen name="DIMEN_335PX">139.5834dp</dimen>
    <dimen name="DIMEN_336PX">140dp</dimen>
    <dimen name="DIMEN_337PX">140.4166dp</dimen>
    <dimen name="DIMEN_338PX">140.8334dp</dimen>
    <dimen name="DIMEN_339PX">141.25dp</dimen>
    <dimen name="DIMEN_340PX">141.6666dp</dimen>
    <dimen name="DIMEN_341PX">142.0834dp</dimen>
    <dimen name="DIMEN_342PX">142.5dp</dimen>
    <dimen name="DIMEN_343PX">142.9166dp</dimen>
    <dimen name="DIMEN_344PX">143.3334dp</dimen>
    <dimen name="DIMEN_345PX">143.75dp</dimen>
    <dimen name="DIMEN_346PX">144.1666dp</dimen>
    <dimen name="DIMEN_347PX">144.5834dp</dimen>
    <dimen name="DIMEN_348PX">145dp</dimen>
    <dimen name="DIMEN_349PX">145.4166dp</dimen>
    <dimen name="DIMEN_350PX">145.8334dp</dimen>
    <dimen name="DIMEN_351PX">146.25dp</dimen>
    <dimen name="DIMEN_352PX">146.6666dp</dimen>
    <dimen name="DIMEN_353PX">147.0834dp</dimen>
    <dimen name="DIMEN_354PX">147.5dp</dimen>
    <dimen name="DIMEN_355PX">147.9166dp</dimen>
    <dimen name="DIMEN_356PX">148.3334dp</dimen>
    <dimen name="DIMEN_357PX">148.75dp</dimen>
    <dimen name="DIMEN_358PX">149.1666dp</dimen>
    <dimen name="DIMEN_359PX">149.5834dp</dimen>
    <dimen name="DIMEN_360PX">150dp</dimen>
    <dimen name="DIMEN_361PX">150.4166dp</dimen>
    <dimen name="DIMEN_362PX">150.8334dp</dimen>
    <dimen name="DIMEN_363PX">151.25dp</dimen>
    <dimen name="DIMEN_364PX">151.6666dp</dimen>
    <dimen name="DIMEN_365PX">152.0834dp</dimen>
    <dimen name="DIMEN_366PX">152.5dp</dimen>
    <dimen name="DIMEN_367PX">152.9166dp</dimen>
    <dimen name="DIMEN_368PX">153.3334dp</dimen>
    <dimen name="DIMEN_369PX">153.75dp</dimen>
    <dimen name="DIMEN_370PX">154.1666dp</dimen>
    <dimen name="DIMEN_371PX">154.5834dp</dimen>
    <dimen name="DIMEN_372PX">155dp</dimen>
    <dimen name="DIMEN_373PX">155.4166dp</dimen>
    <dimen name="DIMEN_374PX">155.8334dp</dimen>
    <dimen name="DIMEN_375PX">156.25dp</dimen>
    <dimen name="DIMEN_376PX">156.6666dp</dimen>
    <dimen name="DIMEN_377PX">157.0834dp</dimen>
    <dimen name="DIMEN_378PX">157.5dp</dimen>
    <dimen name="DIMEN_379PX">157.9166dp</dimen>
    <dimen name="DIMEN_380PX">158.3334dp</dimen>
    <dimen name="DIMEN_381PX">158.75dp</dimen>
    <dimen name="DIMEN_382PX">159.1666dp</dimen>
    <dimen name="DIMEN_383PX">159.5834dp</dimen>
    <dimen name="DIMEN_384PX">160dp</dimen>
    <dimen name="DIMEN_385PX">160.4166dp</dimen>
    <dimen name="DIMEN_386PX">160.8334dp</dimen>
    <dimen name="DIMEN_387PX">161.25dp</dimen>
    <dimen name="DIMEN_388PX">161.6666dp</dimen>
    <dimen name="DIMEN_389PX">162.0834dp</dimen>
    <dimen name="DIMEN_390PX">162.5dp</dimen>
    <dimen name="DIMEN_391PX">162.9166dp</dimen>
    <dimen name="DIMEN_392PX">163.3334dp</dimen>
    <dimen name="DIMEN_393PX">163.75dp</dimen>
    <dimen name="DIMEN_394PX">164.1666dp</dimen>
    <dimen name="DIMEN_395PX">164.5834dp</dimen>
    <dimen name="DIMEN_396PX">165dp</dimen>
    <dimen name="DIMEN_397PX">165.4166dp</dimen>
    <dimen name="DIMEN_398PX">165.8334dp</dimen>
    <dimen name="DIMEN_399PX">166.25dp</dimen>
    <dimen name="DIMEN_400PX">166.6666dp</dimen>
    <dimen name="DIMEN_401PX">167.0834dp</dimen>
    <dimen name="DIMEN_402PX">167.5dp</dimen>
    <dimen name="DIMEN_403PX">167.9166dp</dimen>
    <dimen name="DIMEN_404PX">168.3334dp</dimen>
    <dimen name="DIMEN_405PX">168.75dp</dimen>
    <dimen name="DIMEN_406PX">169.1666dp</dimen>
    <dimen name="DIMEN_407PX">169.5834dp</dimen>
    <dimen name="DIMEN_408PX">170dp</dimen>
    <dimen name="DIMEN_409PX">170.4166dp</dimen>
    <dimen name="DIMEN_410PX">170.8334dp</dimen>
    <dimen name="DIMEN_411PX">171.25dp</dimen>
    <dimen name="DIMEN_412PX">171.6666dp</dimen>
    <dimen name="DIMEN_413PX">172.0834dp</dimen>
    <dimen name="DIMEN_414PX">172.5dp</dimen>
    <dimen name="DIMEN_415PX">172.9166dp</dimen>
    <dimen name="DIMEN_416PX">173.3334dp</dimen>
    <dimen name="DIMEN_417PX">173.75dp</dimen>
    <dimen name="DIMEN_418PX">174.1666dp</dimen>
    <dimen name="DIMEN_419PX">174.5834dp</dimen>
    <dimen name="DIMEN_420PX">175dp</dimen>
    <dimen name="DIMEN_421PX">175.4166dp</dimen>
    <dimen name="DIMEN_422PX">175.8334dp</dimen>
    <dimen name="DIMEN_423PX">176.25dp</dimen>
    <dimen name="DIMEN_424PX">176.6666dp</dimen>
    <dimen name="DIMEN_425PX">177.0834dp</dimen>
    <dimen name="DIMEN_426PX">177.5dp</dimen>
    <dimen name="DIMEN_427PX">177.9166dp</dimen>
    <dimen name="DIMEN_428PX">178.3334dp</dimen>
    <dimen name="DIMEN_429PX">178.75dp</dimen>
    <dimen name="DIMEN_430PX">179.1666dp</dimen>
    <dimen name="DIMEN_431PX">179.5834dp</dimen>
    <dimen name="DIMEN_432PX">180dp</dimen>
    <dimen name="DIMEN_433PX">180.4166dp</dimen>
    <dimen name="DIMEN_434PX">180.8334dp</dimen>
    <dimen name="DIMEN_435PX">181.25dp</dimen>
    <dimen name="DIMEN_436PX">181.6666dp</dimen>
    <dimen name="DIMEN_437PX">182.0834dp</dimen>
    <dimen name="DIMEN_438PX">182.5dp</dimen>
    <dimen name="DIMEN_439PX">182.9166dp</dimen>
    <dimen name="DIMEN_440PX">183.3334dp</dimen>
    <dimen name="DIMEN_441PX">183.75dp</dimen>
    <dimen name="DIMEN_442PX">184.1666dp</dimen>
    <dimen name="DIMEN_443PX">184.5834dp</dimen>
    <dimen name="DIMEN_444PX">185dp</dimen>
    <dimen name="DIMEN_445PX">185.4166dp</dimen>
    <dimen name="DIMEN_446PX">185.8334dp</dimen>
    <dimen name="DIMEN_447PX">186.25dp</dimen>
    <dimen name="DIMEN_448PX">186.6666dp</dimen>
    <dimen name="DIMEN_449PX">187.0834dp</dimen>
    <dimen name="DIMEN_450PX">187.5dp</dimen>
    <dimen name="DIMEN_451PX">187.9166dp</dimen>
    <dimen name="DIMEN_452PX">188.3334dp</dimen>
    <dimen name="DIMEN_453PX">188.75dp</dimen>
    <dimen name="DIMEN_454PX">189.1666dp</dimen>
    <dimen name="DIMEN_455PX">189.5834dp</dimen>
    <dimen name="DIMEN_456PX">190dp</dimen>
    <dimen name="DIMEN_457PX">190.4166dp</dimen>
    <dimen name="DIMEN_458PX">190.8334dp</dimen>
    <dimen name="DIMEN_459PX">191.25dp</dimen>
    <dimen name="DIMEN_460PX">191.6666dp</dimen>
    <dimen name="DIMEN_461PX">192.0834dp</dimen>
    <dimen name="DIMEN_462PX">192.5dp</dimen>
    <dimen name="DIMEN_463PX">192.9166dp</dimen>
    <dimen name="DIMEN_464PX">193.3334dp</dimen>
    <dimen name="DIMEN_465PX">193.75dp</dimen>
    <dimen name="DIMEN_466PX">194.1666dp</dimen>
    <dimen name="DIMEN_467PX">194.5834dp</dimen>
    <dimen name="DIMEN_468PX">195dp</dimen>
    <dimen name="DIMEN_469PX">195.4166dp</dimen>
    <dimen name="DIMEN_470PX">195.8334dp</dimen>
    <dimen name="DIMEN_471PX">196.25dp</dimen>
    <dimen name="DIMEN_472PX">196.6666dp</dimen>
    <dimen name="DIMEN_473PX">197.0834dp</dimen>
    <dimen name="DIMEN_474PX">197.5dp</dimen>
    <dimen name="DIMEN_475PX">197.9166dp</dimen>
    <dimen name="DIMEN_476PX">198.3334dp</dimen>
    <dimen name="DIMEN_477PX">198.75dp</dimen>
    <dimen name="DIMEN_478PX">199.1666dp</dimen>
    <dimen name="DIMEN_479PX">199.5834dp</dimen>
    <dimen name="DIMEN_480PX">200dp</dimen>
    <dimen name="DIMEN_481PX">200.4166dp</dimen>
    <dimen name="DIMEN_482PX">200.8334dp</dimen>
    <dimen name="DIMEN_483PX">201.25dp</dimen>
    <dimen name="DIMEN_484PX">201.6666dp</dimen>
    <dimen name="DIMEN_485PX">202.0834dp</dimen>
    <dimen name="DIMEN_486PX">202.5dp</dimen>
    <dimen name="DIMEN_487PX">202.9166dp</dimen>
    <dimen name="DIMEN_488PX">203.3334dp</dimen>
    <dimen name="DIMEN_489PX">203.75dp</dimen>
    <dimen name="DIMEN_490PX">204.1666dp</dimen>
    <dimen name="DIMEN_491PX">204.5834dp</dimen>
    <dimen name="DIMEN_492PX">205dp</dimen>
    <dimen name="DIMEN_493PX">205.4166dp</dimen>
    <dimen name="DIMEN_494PX">205.8334dp</dimen>
    <dimen name="DIMEN_495PX">206.25dp</dimen>
    <dimen name="DIMEN_496PX">206.6666dp</dimen>
    <dimen name="DIMEN_497PX">207.0834dp</dimen>
    <dimen name="DIMEN_498PX">207.5dp</dimen>
    <dimen name="DIMEN_499PX">207.9166dp</dimen>
    <dimen name="DIMEN_500PX">208.3334dp</dimen>
    <dimen name="DIMEN_501PX">208.75dp</dimen>
    <dimen name="DIMEN_502PX">209.1666dp</dimen>
    <dimen name="DIMEN_503PX">209.5834dp</dimen>
    <dimen name="DIMEN_504PX">210dp</dimen>
    <dimen name="DIMEN_505PX">210.4166dp</dimen>
    <dimen name="DIMEN_506PX">210.8334dp</dimen>
    <dimen name="DIMEN_507PX">211.25dp</dimen>
    <dimen name="DIMEN_508PX">211.6666dp</dimen>
    <dimen name="DIMEN_509PX">212.0834dp</dimen>
    <dimen name="DIMEN_510PX">212.5dp</dimen>
    <dimen name="DIMEN_511PX">212.9166dp</dimen>
    <dimen name="DIMEN_512PX">213.3334dp</dimen>
    <dimen name="DIMEN_513PX">213.75dp</dimen>
    <dimen name="DIMEN_514PX">214.1666dp</dimen>
    <dimen name="DIMEN_515PX">214.5834dp</dimen>
    <dimen name="DIMEN_516PX">215dp</dimen>
    <dimen name="DIMEN_517PX">215.4166dp</dimen>
    <dimen name="DIMEN_518PX">215.8334dp</dimen>
    <dimen name="DIMEN_519PX">216.25dp</dimen>
    <dimen name="DIMEN_520PX">216.6666dp</dimen>
    <dimen name="DIMEN_521PX">217.0834dp</dimen>
    <dimen name="DIMEN_522PX">217.5dp</dimen>
    <dimen name="DIMEN_523PX">217.9166dp</dimen>
    <dimen name="DIMEN_524PX">218.3334dp</dimen>
    <dimen name="DIMEN_525PX">218.75dp</dimen>
    <dimen name="DIMEN_526PX">219.1666dp</dimen>
    <dimen name="DIMEN_527PX">219.5834dp</dimen>
    <dimen name="DIMEN_528PX">220dp</dimen>
    <dimen name="DIMEN_529PX">220.4166dp</dimen>
    <dimen name="DIMEN_530PX">220.8334dp</dimen>
    <dimen name="DIMEN_531PX">221.25dp</dimen>
    <dimen name="DIMEN_532PX">221.6666dp</dimen>
    <dimen name="DIMEN_533PX">222.0834dp</dimen>
    <dimen name="DIMEN_534PX">222.5dp</dimen>
    <dimen name="DIMEN_535PX">222.9166dp</dimen>
    <dimen name="DIMEN_536PX">223.3334dp</dimen>
    <dimen name="DIMEN_537PX">223.75dp</dimen>
    <dimen name="DIMEN_538PX">224.1666dp</dimen>
    <dimen name="DIMEN_539PX">224.5834dp</dimen>
    <dimen name="DIMEN_540PX">225dp</dimen>
    <dimen name="DIMEN_541PX">225.4166dp</dimen>
    <dimen name="DIMEN_542PX">225.8334dp</dimen>
    <dimen name="DIMEN_543PX">226.25dp</dimen>
    <dimen name="DIMEN_544PX">226.6666dp</dimen>
    <dimen name="DIMEN_545PX">227.0834dp</dimen>
    <dimen name="DIMEN_546PX">227.5dp</dimen>
    <dimen name="DIMEN_547PX">227.9166dp</dimen>
    <dimen name="DIMEN_548PX">228.3334dp</dimen>
    <dimen name="DIMEN_549PX">228.75dp</dimen>
    <dimen name="DIMEN_550PX">229.1666dp</dimen>
    <dimen name="DIMEN_551PX">229.5834dp</dimen>
    <dimen name="DIMEN_552PX">230dp</dimen>
    <dimen name="DIMEN_553PX">230.4166dp</dimen>
    <dimen name="DIMEN_554PX">230.8334dp</dimen>
    <dimen name="DIMEN_555PX">231.25dp</dimen>
    <dimen name="DIMEN_556PX">231.6666dp</dimen>
    <dimen name="DIMEN_557PX">232.0834dp</dimen>
    <dimen name="DIMEN_558PX">232.5dp</dimen>
    <dimen name="DIMEN_559PX">232.9166dp</dimen>
    <dimen name="DIMEN_560PX">233.3334dp</dimen>
    <dimen name="DIMEN_561PX">233.75dp</dimen>
    <dimen name="DIMEN_562PX">234.1666dp</dimen>
    <dimen name="DIMEN_563PX">234.5834dp</dimen>
    <dimen name="DIMEN_564PX">235dp</dimen>
    <dimen name="DIMEN_565PX">235.4166dp</dimen>
    <dimen name="DIMEN_566PX">235.8334dp</dimen>
    <dimen name="DIMEN_567PX">236.25dp</dimen>
    <dimen name="DIMEN_568PX">236.6666dp</dimen>
    <dimen name="DIMEN_569PX">237.0834dp</dimen>
    <dimen name="DIMEN_570PX">237.5dp</dimen>
    <dimen name="DIMEN_571PX">237.9166dp</dimen>
    <dimen name="DIMEN_572PX">238.3334dp</dimen>
    <dimen name="DIMEN_573PX">238.75dp</dimen>
    <dimen name="DIMEN_574PX">239.1666dp</dimen>
    <dimen name="DIMEN_575PX">239.5834dp</dimen>
    <dimen name="DIMEN_576PX">240dp</dimen>
    <dimen name="DIMEN_577PX">240.4166dp</dimen>
    <dimen name="DIMEN_578PX">240.8334dp</dimen>
    <dimen name="DIMEN_579PX">241.25dp</dimen>
    <dimen name="DIMEN_580PX">241.6666dp</dimen>
    <dimen name="DIMEN_581PX">242.0834dp</dimen>
    <dimen name="DIMEN_582PX">242.5dp</dimen>
    <dimen name="DIMEN_583PX">242.9166dp</dimen>
    <dimen name="DIMEN_584PX">243.3334dp</dimen>
    <dimen name="DIMEN_585PX">243.75dp</dimen>
    <dimen name="DIMEN_586PX">244.1666dp</dimen>
    <dimen name="DIMEN_587PX">244.5834dp</dimen>
    <dimen name="DIMEN_588PX">245dp</dimen>
    <dimen name="DIMEN_589PX">245.4166dp</dimen>
    <dimen name="DIMEN_590PX">245.8334dp</dimen>
    <dimen name="DIMEN_591PX">246.25dp</dimen>
    <dimen name="DIMEN_592PX">246.6666dp</dimen>
    <dimen name="DIMEN_593PX">247.0834dp</dimen>
    <dimen name="DIMEN_594PX">247.5dp</dimen>
    <dimen name="DIMEN_595PX">247.9166dp</dimen>
    <dimen name="DIMEN_596PX">248.3334dp</dimen>
    <dimen name="DIMEN_597PX">248.75dp</dimen>
    <dimen name="DIMEN_598PX">249.1666dp</dimen>
    <dimen name="DIMEN_599PX">249.5834dp</dimen>
    <dimen name="DIMEN_600PX">250dp</dimen>
    <dimen name="DIMEN_601PX">250.4166dp</dimen>
    <dimen name="DIMEN_602PX">250.8334dp</dimen>
    <dimen name="DIMEN_603PX">251.25dp</dimen>
    <dimen name="DIMEN_604PX">251.6666dp</dimen>
    <dimen name="DIMEN_605PX">252.0834dp</dimen>
    <dimen name="DIMEN_606PX">252.5dp</dimen>
    <dimen name="DIMEN_607PX">252.9166dp</dimen>
    <dimen name="DIMEN_608PX">253.3334dp</dimen>
    <dimen name="DIMEN_609PX">253.75dp</dimen>
    <dimen name="DIMEN_610PX">254.1666dp</dimen>
    <dimen name="DIMEN_611PX">254.5834dp</dimen>
    <dimen name="DIMEN_612PX">255dp</dimen>
    <dimen name="DIMEN_613PX">255.4166dp</dimen>
    <dimen name="DIMEN_614PX">255.8334dp</dimen>
    <dimen name="DIMEN_615PX">256.25dp</dimen>
    <dimen name="DIMEN_616PX">256.6666dp</dimen>
    <dimen name="DIMEN_617PX">257.0834dp</dimen>
    <dimen name="DIMEN_618PX">257.5dp</dimen>
    <dimen name="DIMEN_619PX">257.9166dp</dimen>
    <dimen name="DIMEN_620PX">258.3334dp</dimen>
    <dimen name="DIMEN_621PX">258.75dp</dimen>
    <dimen name="DIMEN_622PX">259.1666dp</dimen>
    <dimen name="DIMEN_623PX">259.5834dp</dimen>
    <dimen name="DIMEN_624PX">260dp</dimen>
    <dimen name="DIMEN_625PX">260.4166dp</dimen>
    <dimen name="DIMEN_626PX">260.8334dp</dimen>
    <dimen name="DIMEN_627PX">261.25dp</dimen>
    <dimen name="DIMEN_628PX">261.6666dp</dimen>
    <dimen name="DIMEN_629PX">262.0834dp</dimen>
    <dimen name="DIMEN_630PX">262.5dp</dimen>
    <dimen name="DIMEN_631PX">262.9166dp</dimen>
    <dimen name="DIMEN_632PX">263.3334dp</dimen>
    <dimen name="DIMEN_633PX">263.75dp</dimen>
    <dimen name="DIMEN_634PX">264.1666dp</dimen>
    <dimen name="DIMEN_635PX">264.5834dp</dimen>
    <dimen name="DIMEN_636PX">265dp</dimen>
    <dimen name="DIMEN_637PX">265.4166dp</dimen>
    <dimen name="DIMEN_638PX">265.8334dp</dimen>
    <dimen name="DIMEN_639PX">266.25dp</dimen>
    <dimen name="DIMEN_640PX">266.6666dp</dimen>
    <dimen name="DIMEN_641PX">267.0834dp</dimen>
    <dimen name="DIMEN_642PX">267.5dp</dimen>
    <dimen name="DIMEN_643PX">267.9166dp</dimen>
    <dimen name="DIMEN_644PX">268.3334dp</dimen>
    <dimen name="DIMEN_645PX">268.75dp</dimen>
    <dimen name="DIMEN_646PX">269.1666dp</dimen>
    <dimen name="DIMEN_647PX">269.5834dp</dimen>
    <dimen name="DIMEN_648PX">270dp</dimen>
    <dimen name="DIMEN_649PX">270.4166dp</dimen>
    <dimen name="DIMEN_650PX">270.8334dp</dimen>
    <dimen name="DIMEN_651PX">271.25dp</dimen>
    <dimen name="DIMEN_652PX">271.6666dp</dimen>
    <dimen name="DIMEN_653PX">272.0834dp</dimen>
    <dimen name="DIMEN_654PX">272.5dp</dimen>
    <dimen name="DIMEN_655PX">272.9166dp</dimen>
    <dimen name="DIMEN_656PX">273.3334dp</dimen>
    <dimen name="DIMEN_657PX">273.75dp</dimen>
    <dimen name="DIMEN_658PX">274.1666dp</dimen>
    <dimen name="DIMEN_659PX">274.5834dp</dimen>
    <dimen name="DIMEN_660PX">275dp</dimen>
    <dimen name="DIMEN_661PX">275.4166dp</dimen>
    <dimen name="DIMEN_662PX">275.8334dp</dimen>
    <dimen name="DIMEN_663PX">276.25dp</dimen>
    <dimen name="DIMEN_664PX">276.6666dp</dimen>
    <dimen name="DIMEN_665PX">277.0834dp</dimen>
    <dimen name="DIMEN_666PX">277.5dp</dimen>
    <dimen name="DIMEN_667PX">277.9166dp</dimen>
    <dimen name="DIMEN_668PX">278.3334dp</dimen>
    <dimen name="DIMEN_669PX">278.75dp</dimen>
    <dimen name="DIMEN_670PX">279.1666dp</dimen>
    <dimen name="DIMEN_671PX">279.5834dp</dimen>
    <dimen name="DIMEN_672PX">280dp</dimen>
    <dimen name="DIMEN_673PX">280.4166dp</dimen>
    <dimen name="DIMEN_674PX">280.8334dp</dimen>
    <dimen name="DIMEN_675PX">281.25dp</dimen>
    <dimen name="DIMEN_676PX">281.6666dp</dimen>
    <dimen name="DIMEN_677PX">282.0834dp</dimen>
    <dimen name="DIMEN_678PX">282.5dp</dimen>
    <dimen name="DIMEN_679PX">282.9166dp</dimen>
    <dimen name="DIMEN_680PX">283.3334dp</dimen>
    <dimen name="DIMEN_681PX">283.75dp</dimen>
    <dimen name="DIMEN_682PX">284.1666dp</dimen>
    <dimen name="DIMEN_683PX">284.5834dp</dimen>
    <dimen name="DIMEN_684PX">285dp</dimen>
    <dimen name="DIMEN_685PX">285.4166dp</dimen>
    <dimen name="DIMEN_686PX">285.8334dp</dimen>
    <dimen name="DIMEN_687PX">286.25dp</dimen>
    <dimen name="DIMEN_688PX">286.6666dp</dimen>
    <dimen name="DIMEN_689PX">287.0834dp</dimen>
    <dimen name="DIMEN_690PX">287.5dp</dimen>
    <dimen name="DIMEN_691PX">287.9166dp</dimen>
    <dimen name="DIMEN_692PX">288.3334dp</dimen>
    <dimen name="DIMEN_693PX">288.75dp</dimen>
    <dimen name="DIMEN_694PX">289.1666dp</dimen>
    <dimen name="DIMEN_695PX">289.5834dp</dimen>
    <dimen name="DIMEN_696PX">290dp</dimen>
    <dimen name="DIMEN_697PX">290.4166dp</dimen>
    <dimen name="DIMEN_698PX">290.8334dp</dimen>
    <dimen name="DIMEN_699PX">291.25dp</dimen>
    <dimen name="DIMEN_700PX">291.6666dp</dimen>
    <dimen name="DIMEN_701PX">292.0834dp</dimen>
    <dimen name="DIMEN_702PX">292.5dp</dimen>
    <dimen name="DIMEN_703PX">292.9166dp</dimen>
    <dimen name="DIMEN_704PX">293.3334dp</dimen>
    <dimen name="DIMEN_705PX">293.75dp</dimen>
    <dimen name="DIMEN_706PX">294.1666dp</dimen>
    <dimen name="DIMEN_707PX">294.5834dp</dimen>
    <dimen name="DIMEN_708PX">295dp</dimen>
    <dimen name="DIMEN_709PX">295.4166dp</dimen>
    <dimen name="DIMEN_710PX">295.8334dp</dimen>
    <dimen name="DIMEN_711PX">296.25dp</dimen>
    <dimen name="DIMEN_712PX">296.6666dp</dimen>
    <dimen name="DIMEN_713PX">297.0834dp</dimen>
    <dimen name="DIMEN_714PX">297.5dp</dimen>
    <dimen name="DIMEN_715PX">297.9166dp</dimen>
    <dimen name="DIMEN_716PX">298.3334dp</dimen>
    <dimen name="DIMEN_717PX">298.75dp</dimen>
    <dimen name="DIMEN_718PX">299.1666dp</dimen>
    <dimen name="DIMEN_719PX">299.5834dp</dimen>
    <dimen name="DIMEN_720PX">300dp</dimen>
    <dimen name="DIMEN_721PX">300.4166dp</dimen>
    <dimen name="DIMEN_722PX">300.8334dp</dimen>
    <dimen name="DIMEN_723PX">301.25dp</dimen>
    <dimen name="DIMEN_724PX">301.6666dp</dimen>
    <dimen name="DIMEN_725PX">302.0834dp</dimen>
    <dimen name="DIMEN_726PX">302.5dp</dimen>
    <dimen name="DIMEN_727PX">302.9166dp</dimen>
    <dimen name="DIMEN_728PX">303.3334dp</dimen>
    <dimen name="DIMEN_729PX">303.75dp</dimen>
    <dimen name="DIMEN_730PX">304.1666dp</dimen>
    <dimen name="DIMEN_731PX">304.5834dp</dimen>
    <dimen name="DIMEN_732PX">305dp</dimen>
    <dimen name="DIMEN_733PX">305.4166dp</dimen>
    <dimen name="DIMEN_734PX">305.8334dp</dimen>
    <dimen name="DIMEN_735PX">306.25dp</dimen>
    <dimen name="DIMEN_736PX">306.6666dp</dimen>
    <dimen name="DIMEN_737PX">307.0834dp</dimen>
    <dimen name="DIMEN_738PX">307.5dp</dimen>
    <dimen name="DIMEN_739PX">307.9166dp</dimen>
    <dimen name="DIMEN_740PX">308.3334dp</dimen>
    <dimen name="DIMEN_741PX">308.75dp</dimen>
    <dimen name="DIMEN_742PX">309.1666dp</dimen>
    <dimen name="DIMEN_743PX">309.5834dp</dimen>
    <dimen name="DIMEN_744PX">310dp</dimen>
    <dimen name="DIMEN_745PX">310.4166dp</dimen>
    <dimen name="DIMEN_746PX">310.8334dp</dimen>
    <dimen name="DIMEN_747PX">311.25dp</dimen>
    <dimen name="DIMEN_748PX">311.6666dp</dimen>
    <dimen name="DIMEN_749PX">312.0834dp</dimen>
    <dimen name="DIMEN_750PX">312.5dp</dimen>
    <dimen name="DIMEN_751PX">312.9166dp</dimen>
    <dimen name="DIMEN_752PX">313.3334dp</dimen>
    <dimen name="DIMEN_753PX">313.75dp</dimen>
    <dimen name="DIMEN_754PX">314.1666dp</dimen>
    <dimen name="DIMEN_755PX">314.5834dp</dimen>
    <dimen name="DIMEN_756PX">315dp</dimen>
    <dimen name="DIMEN_757PX">315.4166dp</dimen>
    <dimen name="DIMEN_758PX">315.8334dp</dimen>
    <dimen name="DIMEN_759PX">316.25dp</dimen>
    <dimen name="DIMEN_760PX">316.6666dp</dimen>
    <dimen name="DIMEN_761PX">317.0834dp</dimen>
    <dimen name="DIMEN_762PX">317.5dp</dimen>
    <dimen name="DIMEN_763PX">317.9166dp</dimen>
    <dimen name="DIMEN_764PX">318.3334dp</dimen>
    <dimen name="DIMEN_765PX">318.75dp</dimen>
    <dimen name="DIMEN_766PX">319.1666dp</dimen>
    <dimen name="DIMEN_767PX">319.5834dp</dimen>
    <dimen name="DIMEN_768PX">320dp</dimen>
    <dimen name="DIMEN_769PX">320.4166dp</dimen>
    <dimen name="DIMEN_770PX">320.8333dp</dimen>
    <dimen name="DIMEN_771PX">321.25dp</dimen>
    <dimen name="DIMEN_772PX">321.6666dp</dimen>
    <dimen name="DIMEN_773PX">322.0833dp</dimen>
    <dimen name="DIMEN_774PX">322.5dp</dimen>
    <dimen name="DIMEN_775PX">322.9166dp</dimen>
    <dimen name="DIMEN_776PX">323.3333dp</dimen>
    <dimen name="DIMEN_777PX">323.75dp</dimen>
    <dimen name="DIMEN_778PX">324.1666dp</dimen>
    <dimen name="DIMEN_779PX">324.5833dp</dimen>
    <dimen name="DIMEN_780PX">325dp</dimen>
    <dimen name="DIMEN_781PX">325.4166dp</dimen>
    <dimen name="DIMEN_782PX">325.8333dp</dimen>
    <dimen name="DIMEN_783PX">326.25dp</dimen>
    <dimen name="DIMEN_784PX">326.6666dp</dimen>
    <dimen name="DIMEN_785PX">327.0833dp</dimen>
    <dimen name="DIMEN_786PX">327.5dp</dimen>
    <dimen name="DIMEN_787PX">327.9166dp</dimen>
    <dimen name="DIMEN_788PX">328.3333dp</dimen>
    <dimen name="DIMEN_789PX">328.75dp</dimen>
    <dimen name="DIMEN_790PX">329.1666dp</dimen>
    <dimen name="DIMEN_791PX">329.5833dp</dimen>
    <dimen name="DIMEN_792PX">330dp</dimen>
    <dimen name="DIMEN_793PX">330.4166dp</dimen>
    <dimen name="DIMEN_794PX">330.8333dp</dimen>
    <dimen name="DIMEN_795PX">331.25dp</dimen>
    <dimen name="DIMEN_796PX">331.6666dp</dimen>
    <dimen name="DIMEN_797PX">332.0833dp</dimen>
    <dimen name="DIMEN_798PX">332.5dp</dimen>
    <dimen name="DIMEN_799PX">332.9166dp</dimen>
    <dimen name="DIMEN_800PX">333.3333dp</dimen>
    <dimen name="DIMEN_801PX">333.75dp</dimen>
    <dimen name="DIMEN_802PX">334.1666dp</dimen>
    <dimen name="DIMEN_803PX">334.5833dp</dimen>
    <dimen name="DIMEN_804PX">335dp</dimen>
    <dimen name="DIMEN_805PX">335.4166dp</dimen>
    <dimen name="DIMEN_806PX">335.8333dp</dimen>
    <dimen name="DIMEN_807PX">336.25dp</dimen>
    <dimen name="DIMEN_808PX">336.6666dp</dimen>
    <dimen name="DIMEN_809PX">337.0833dp</dimen>
    <dimen name="DIMEN_810PX">337.5dp</dimen>
    <dimen name="DIMEN_811PX">337.9166dp</dimen>
    <dimen name="DIMEN_812PX">338.3333dp</dimen>
    <dimen name="DIMEN_813PX">338.75dp</dimen>
    <dimen name="DIMEN_814PX">339.1666dp</dimen>
    <dimen name="DIMEN_815PX">339.5833dp</dimen>
    <dimen name="DIMEN_816PX">340dp</dimen>
    <dimen name="DIMEN_817PX">340.4166dp</dimen>
    <dimen name="DIMEN_818PX">340.8333dp</dimen>
    <dimen name="DIMEN_819PX">341.25dp</dimen>
    <dimen name="DIMEN_820PX">341.6666dp</dimen>
    <dimen name="DIMEN_821PX">342.0833dp</dimen>
    <dimen name="DIMEN_822PX">342.5dp</dimen>
    <dimen name="DIMEN_823PX">342.9166dp</dimen>
    <dimen name="DIMEN_824PX">343.3333dp</dimen>
    <dimen name="DIMEN_825PX">343.75dp</dimen>
    <dimen name="DIMEN_826PX">344.1666dp</dimen>
    <dimen name="DIMEN_827PX">344.5833dp</dimen>
    <dimen name="DIMEN_828PX">345dp</dimen>
    <dimen name="DIMEN_829PX">345.4166dp</dimen>
    <dimen name="DIMEN_830PX">345.8333dp</dimen>
    <dimen name="DIMEN_831PX">346.25dp</dimen>
    <dimen name="DIMEN_832PX">346.6666dp</dimen>
    <dimen name="DIMEN_833PX">347.0833dp</dimen>
    <dimen name="DIMEN_834PX">347.5dp</dimen>
    <dimen name="DIMEN_835PX">347.9166dp</dimen>
    <dimen name="DIMEN_836PX">348.3333dp</dimen>
    <dimen name="DIMEN_837PX">348.75dp</dimen>
    <dimen name="DIMEN_838PX">349.1666dp</dimen>
    <dimen name="DIMEN_839PX">349.5833dp</dimen>
    <dimen name="DIMEN_840PX">350dp</dimen>
    <dimen name="DIMEN_841PX">350.4166dp</dimen>
    <dimen name="DIMEN_842PX">350.8333dp</dimen>
    <dimen name="DIMEN_843PX">351.25dp</dimen>
    <dimen name="DIMEN_844PX">351.6666dp</dimen>
    <dimen name="DIMEN_845PX">352.0833dp</dimen>
    <dimen name="DIMEN_846PX">352.5dp</dimen>
    <dimen name="DIMEN_847PX">352.9166dp</dimen>
    <dimen name="DIMEN_848PX">353.3333dp</dimen>
    <dimen name="DIMEN_849PX">353.75dp</dimen>
    <dimen name="DIMEN_850PX">354.1666dp</dimen>
    <dimen name="DIMEN_851PX">354.5833dp</dimen>
    <dimen name="DIMEN_852PX">355dp</dimen>
    <dimen name="DIMEN_853PX">355.4166dp</dimen>
    <dimen name="DIMEN_854PX">355.8333dp</dimen>
    <dimen name="DIMEN_855PX">356.25dp</dimen>
    <dimen name="DIMEN_856PX">356.6666dp</dimen>
    <dimen name="DIMEN_857PX">357.0833dp</dimen>
    <dimen name="DIMEN_858PX">357.5dp</dimen>
    <dimen name="DIMEN_859PX">357.9166dp</dimen>
    <dimen name="DIMEN_860PX">358.3333dp</dimen>
    <dimen name="DIMEN_861PX">358.75dp</dimen>
    <dimen name="DIMEN_862PX">359.1666dp</dimen>
    <dimen name="DIMEN_863PX">359.5833dp</dimen>
    <dimen name="DIMEN_864PX">360dp</dimen>
    <dimen name="DIMEN_865PX">360.4166dp</dimen>
    <dimen name="DIMEN_866PX">360.8333dp</dimen>
    <dimen name="DIMEN_867PX">361.25dp</dimen>
    <dimen name="DIMEN_868PX">361.6666dp</dimen>
    <dimen name="DIMEN_869PX">362.0833dp</dimen>
    <dimen name="DIMEN_870PX">362.5dp</dimen>
    <dimen name="DIMEN_871PX">362.9166dp</dimen>
    <dimen name="DIMEN_872PX">363.3333dp</dimen>
    <dimen name="DIMEN_873PX">363.75dp</dimen>
    <dimen name="DIMEN_874PX">364.1666dp</dimen>
    <dimen name="DIMEN_875PX">364.5833dp</dimen>
    <dimen name="DIMEN_876PX">365dp</dimen>
    <dimen name="DIMEN_877PX">365.4166dp</dimen>
    <dimen name="DIMEN_878PX">365.8333dp</dimen>
    <dimen name="DIMEN_879PX">366.25dp</dimen>
    <dimen name="DIMEN_880PX">366.6666dp</dimen>
    <dimen name="DIMEN_881PX">367.0833dp</dimen>
    <dimen name="DIMEN_882PX">367.5dp</dimen>
    <dimen name="DIMEN_883PX">367.9166dp</dimen>
    <dimen name="DIMEN_884PX">368.3333dp</dimen>
    <dimen name="DIMEN_885PX">368.75dp</dimen>
    <dimen name="DIMEN_886PX">369.1666dp</dimen>
    <dimen name="DIMEN_887PX">369.5833dp</dimen>
    <dimen name="DIMEN_888PX">370dp</dimen>
    <dimen name="DIMEN_889PX">370.4166dp</dimen>
    <dimen name="DIMEN_890PX">370.8333dp</dimen>
    <dimen name="DIMEN_891PX">371.25dp</dimen>
    <dimen name="DIMEN_892PX">371.6666dp</dimen>
    <dimen name="DIMEN_893PX">372.0833dp</dimen>
    <dimen name="DIMEN_894PX">372.5dp</dimen>
    <dimen name="DIMEN_895PX">372.9166dp</dimen>
    <dimen name="DIMEN_896PX">373.3333dp</dimen>
    <dimen name="DIMEN_897PX">373.75dp</dimen>
    <dimen name="DIMEN_898PX">374.1666dp</dimen>
    <dimen name="DIMEN_899PX">374.5833dp</dimen>
    <dimen name="DIMEN_900PX">375dp</dimen>
    <dimen name="DIMEN_901PX">375.4166dp</dimen>
    <dimen name="DIMEN_902PX">375.8333dp</dimen>
    <dimen name="DIMEN_903PX">376.25dp</dimen>
    <dimen name="DIMEN_904PX">376.6666dp</dimen>
    <dimen name="DIMEN_905PX">377.0833dp</dimen>
    <dimen name="DIMEN_906PX">377.5dp</dimen>
    <dimen name="DIMEN_907PX">377.9166dp</dimen>
    <dimen name="DIMEN_908PX">378.3333dp</dimen>
    <dimen name="DIMEN_909PX">378.75dp</dimen>
    <dimen name="DIMEN_910PX">379.1666dp</dimen>
    <dimen name="DIMEN_911PX">379.5833dp</dimen>
    <dimen name="DIMEN_912PX">380dp</dimen>
    <dimen name="DIMEN_913PX">380.4166dp</dimen>
    <dimen name="DIMEN_914PX">380.8333dp</dimen>
    <dimen name="DIMEN_915PX">381.25dp</dimen>
    <dimen name="DIMEN_916PX">381.6666dp</dimen>
    <dimen name="DIMEN_917PX">382.0833dp</dimen>
    <dimen name="DIMEN_918PX">382.5dp</dimen>
    <dimen name="DIMEN_919PX">382.9166dp</dimen>
    <dimen name="DIMEN_920PX">383.3333dp</dimen>
    <dimen name="DIMEN_921PX">383.75dp</dimen>
    <dimen name="DIMEN_922PX">384.1666dp</dimen>
    <dimen name="DIMEN_923PX">384.5833dp</dimen>
    <dimen name="DIMEN_924PX">385dp</dimen>
    <dimen name="DIMEN_925PX">385.4166dp</dimen>
    <dimen name="DIMEN_926PX">385.8333dp</dimen>
    <dimen name="DIMEN_927PX">386.25dp</dimen>
    <dimen name="DIMEN_928PX">386.6666dp</dimen>
    <dimen name="DIMEN_929PX">387.0833dp</dimen>
    <dimen name="DIMEN_930PX">387.5dp</dimen>
    <dimen name="DIMEN_931PX">387.9166dp</dimen>
    <dimen name="DIMEN_932PX">388.3333dp</dimen>
    <dimen name="DIMEN_933PX">388.75dp</dimen>
    <dimen name="DIMEN_934PX">389.1666dp</dimen>
    <dimen name="DIMEN_935PX">389.5833dp</dimen>
    <dimen name="DIMEN_936PX">390dp</dimen>
    <dimen name="DIMEN_937PX">390.4166dp</dimen>
    <dimen name="DIMEN_938PX">390.8333dp</dimen>
    <dimen name="DIMEN_939PX">391.25dp</dimen>
    <dimen name="DIMEN_940PX">391.6666dp</dimen>
    <dimen name="DIMEN_941PX">392.0833dp</dimen>
    <dimen name="DIMEN_942PX">392.5dp</dimen>
    <dimen name="DIMEN_943PX">392.9166dp</dimen>
    <dimen name="DIMEN_944PX">393.3333dp</dimen>
    <dimen name="DIMEN_945PX">393.75dp</dimen>
    <dimen name="DIMEN_946PX">394.1666dp</dimen>
    <dimen name="DIMEN_947PX">394.5833dp</dimen>
    <dimen name="DIMEN_948PX">395dp</dimen>
    <dimen name="DIMEN_949PX">395.4166dp</dimen>
    <dimen name="DIMEN_950PX">395.8333dp</dimen>
    <dimen name="DIMEN_951PX">396.25dp</dimen>
    <dimen name="DIMEN_952PX">396.6666dp</dimen>
    <dimen name="DIMEN_953PX">397.0833dp</dimen>
    <dimen name="DIMEN_954PX">397.5dp</dimen>
    <dimen name="DIMEN_955PX">397.9166dp</dimen>
    <dimen name="DIMEN_956PX">398.3333dp</dimen>
    <dimen name="DIMEN_957PX">398.75dp</dimen>
    <dimen name="DIMEN_958PX">399.1666dp</dimen>
    <dimen name="DIMEN_959PX">399.5833dp</dimen>
    <dimen name="DIMEN_960PX">400dp</dimen>
    <dimen name="DIMEN_961PX">400.4166dp</dimen>
    <dimen name="DIMEN_962PX">400.8333dp</dimen>
    <dimen name="DIMEN_963PX">401.25dp</dimen>
    <dimen name="DIMEN_964PX">401.6666dp</dimen>
    <dimen name="DIMEN_965PX">402.0833dp</dimen>
    <dimen name="DIMEN_966PX">402.5dp</dimen>
    <dimen name="DIMEN_967PX">402.9166dp</dimen>
    <dimen name="DIMEN_968PX">403.3333dp</dimen>
    <dimen name="DIMEN_969PX">403.75dp</dimen>
    <dimen name="DIMEN_970PX">404.1666dp</dimen>
    <dimen name="DIMEN_971PX">404.5833dp</dimen>
    <dimen name="DIMEN_972PX">405dp</dimen>
    <dimen name="DIMEN_973PX">405.4166dp</dimen>
    <dimen name="DIMEN_974PX">405.8333dp</dimen>
    <dimen name="DIMEN_975PX">406.25dp</dimen>
    <dimen name="DIMEN_976PX">406.6666dp</dimen>
    <dimen name="DIMEN_977PX">407.0833dp</dimen>
    <dimen name="DIMEN_978PX">407.5dp</dimen>
    <dimen name="DIMEN_979PX">407.9166dp</dimen>
    <dimen name="DIMEN_980PX">408.3333dp</dimen>
    <dimen name="DIMEN_981PX">408.75dp</dimen>
    <dimen name="DIMEN_982PX">409.1666dp</dimen>
    <dimen name="DIMEN_983PX">409.5833dp</dimen>
    <dimen name="DIMEN_984PX">410dp</dimen>
    <dimen name="DIMEN_985PX">410.4166dp</dimen>
    <dimen name="DIMEN_986PX">410.8333dp</dimen>
    <dimen name="DIMEN_987PX">411.25dp</dimen>
    <dimen name="DIMEN_988PX">411.6666dp</dimen>
    <dimen name="DIMEN_989PX">412.0833dp</dimen>
    <dimen name="DIMEN_990PX">412.5dp</dimen>
    <dimen name="DIMEN_991PX">412.9166dp</dimen>
    <dimen name="DIMEN_992PX">413.3333dp</dimen>
    <dimen name="DIMEN_993PX">413.75dp</dimen>
    <dimen name="DIMEN_994PX">414.1666dp</dimen>
    <dimen name="DIMEN_995PX">414.5833dp</dimen>
    <dimen name="DIMEN_996PX">415dp</dimen>
    <dimen name="DIMEN_997PX">415.4166dp</dimen>
    <dimen name="DIMEN_998PX">415.8333dp</dimen>
    <dimen name="DIMEN_999PX">416.25dp</dimen>
    <dimen name="DIMEN_1000PX">416.6666dp</dimen>
    <dimen name="DIMEN_1001PX">417.0833dp</dimen>
    <dimen name="DIMEN_1002PX">417.5dp</dimen>
    <dimen name="DIMEN_1003PX">417.9166dp</dimen>
    <dimen name="DIMEN_1004PX">418.3333dp</dimen>
    <dimen name="DIMEN_1005PX">418.75dp</dimen>
    <dimen name="DIMEN_1006PX">419.1666dp</dimen>
    <dimen name="DIMEN_1007PX">419.5833dp</dimen>
    <dimen name="DIMEN_1008PX">420dp</dimen>
    <dimen name="DIMEN_1009PX">420.4166dp</dimen>
    <dimen name="DIMEN_1010PX">420.8333dp</dimen>
    <dimen name="DIMEN_1011PX">421.25dp</dimen>
    <dimen name="DIMEN_1012PX">421.6666dp</dimen>
    <dimen name="DIMEN_1013PX">422.0833dp</dimen>
    <dimen name="DIMEN_1014PX">422.5dp</dimen>
    <dimen name="DIMEN_1015PX">422.9166dp</dimen>
    <dimen name="DIMEN_1016PX">423.3333dp</dimen>
    <dimen name="DIMEN_1017PX">423.75dp</dimen>
    <dimen name="DIMEN_1018PX">424.1666dp</dimen>
    <dimen name="DIMEN_1019PX">424.5833dp</dimen>
    <dimen name="DIMEN_1020PX">425dp</dimen>
    <dimen name="DIMEN_1021PX">425.4166dp</dimen>
    <dimen name="DIMEN_1022PX">425.8333dp</dimen>
    <dimen name="DIMEN_1023PX">426.25dp</dimen>
    <dimen name="DIMEN_1024PX">426.6666dp</dimen>
    <dimen name="DIMEN_1025PX">427.0833dp</dimen>
    <dimen name="DIMEN_1026PX">427.5dp</dimen>
    <dimen name="DIMEN_1027PX">427.9167dp</dimen>
    <dimen name="DIMEN_1028PX">428.3333dp</dimen>
    <dimen name="DIMEN_1029PX">428.75dp</dimen>
    <dimen name="DIMEN_1030PX">429.1667dp</dimen>
    <dimen name="DIMEN_1031PX">429.5833dp</dimen>
    <dimen name="DIMEN_1032PX">430dp</dimen>
    <dimen name="DIMEN_1033PX">430.4167dp</dimen>
    <dimen name="DIMEN_1034PX">430.8333dp</dimen>
    <dimen name="DIMEN_1035PX">431.25dp</dimen>
    <dimen name="DIMEN_1036PX">431.6667dp</dimen>
    <dimen name="DIMEN_1037PX">432.0833dp</dimen>
    <dimen name="DIMEN_1038PX">432.5dp</dimen>
    <dimen name="DIMEN_1039PX">432.9167dp</dimen>
    <dimen name="DIMEN_1040PX">433.3333dp</dimen>
    <dimen name="DIMEN_1041PX">433.75dp</dimen>
    <dimen name="DIMEN_1042PX">434.1667dp</dimen>
    <dimen name="DIMEN_1043PX">434.5833dp</dimen>
    <dimen name="DIMEN_1044PX">435dp</dimen>
    <dimen name="DIMEN_1045PX">435.4167dp</dimen>
    <dimen name="DIMEN_1046PX">435.8333dp</dimen>
    <dimen name="DIMEN_1047PX">436.25dp</dimen>
    <dimen name="DIMEN_1048PX">436.6667dp</dimen>
    <dimen name="DIMEN_1049PX">437.0833dp</dimen>
    <dimen name="DIMEN_1050PX">437.5dp</dimen>
    <dimen name="DIMEN_1051PX">437.9167dp</dimen>
    <dimen name="DIMEN_1052PX">438.3333dp</dimen>
    <dimen name="DIMEN_1053PX">438.75dp</dimen>
    <dimen name="DIMEN_1054PX">439.1667dp</dimen>
    <dimen name="DIMEN_1055PX">439.5833dp</dimen>
    <dimen name="DIMEN_1056PX">440dp</dimen>
    <dimen name="DIMEN_1057PX">440.4167dp</dimen>
    <dimen name="DIMEN_1058PX">440.8333dp</dimen>
    <dimen name="DIMEN_1059PX">441.25dp</dimen>
    <dimen name="DIMEN_1060PX">441.6667dp</dimen>
    <dimen name="DIMEN_1061PX">442.0833dp</dimen>
    <dimen name="DIMEN_1062PX">442.5dp</dimen>
    <dimen name="DIMEN_1063PX">442.9167dp</dimen>
    <dimen name="DIMEN_1064PX">443.3333dp</dimen>
    <dimen name="DIMEN_1065PX">443.75dp</dimen>
    <dimen name="DIMEN_1066PX">444.1667dp</dimen>
    <dimen name="DIMEN_1067PX">444.5833dp</dimen>
    <dimen name="DIMEN_1068PX">445dp</dimen>
    <dimen name="DIMEN_1069PX">445.4167dp</dimen>
    <dimen name="DIMEN_1070PX">445.8333dp</dimen>
    <dimen name="DIMEN_1071PX">446.25dp</dimen>
    <dimen name="DIMEN_1072PX">446.6667dp</dimen>
    <dimen name="DIMEN_1073PX">447.0833dp</dimen>
    <dimen name="DIMEN_1074PX">447.5dp</dimen>
    <dimen name="DIMEN_1075PX">447.9167dp</dimen>
    <dimen name="DIMEN_1076PX">448.3333dp</dimen>
    <dimen name="DIMEN_1077PX">448.75dp</dimen>
    <dimen name="DIMEN_1078PX">449.1667dp</dimen>
    <dimen name="DIMEN_1079PX">449.5833dp</dimen>
    <dimen name="DIMEN_1080PX">450dp</dimen>
    <dimen name="DIMEN_1081PX">450.4167dp</dimen>
    <dimen name="DIMEN_1082PX">450.8333dp</dimen>
    <dimen name="DIMEN_1083PX">451.25dp</dimen>
    <dimen name="DIMEN_1084PX">451.6667dp</dimen>
    <dimen name="DIMEN_1085PX">452.0833dp</dimen>
    <dimen name="DIMEN_1086PX">452.5dp</dimen>
    <dimen name="DIMEN_1087PX">452.9167dp</dimen>
    <dimen name="DIMEN_1088PX">453.3333dp</dimen>
    <dimen name="DIMEN_1089PX">453.75dp</dimen>
    <dimen name="DIMEN_1090PX">454.1667dp</dimen>
    <dimen name="DIMEN_1091PX">454.5833dp</dimen>
    <dimen name="DIMEN_1092PX">455dp</dimen>
    <dimen name="DIMEN_1093PX">455.4167dp</dimen>
    <dimen name="DIMEN_1094PX">455.8333dp</dimen>
    <dimen name="DIMEN_1095PX">456.25dp</dimen>
    <dimen name="DIMEN_1096PX">456.6667dp</dimen>
    <dimen name="DIMEN_1097PX">457.0833dp</dimen>
    <dimen name="DIMEN_1098PX">457.5dp</dimen>
    <dimen name="DIMEN_1099PX">457.9167dp</dimen>
    <dimen name="DIMEN_1100PX">458.3333dp</dimen>
    <dimen name="DIMEN_1101PX">458.75dp</dimen>
    <dimen name="DIMEN_1102PX">459.1667dp</dimen>
    <dimen name="DIMEN_1103PX">459.5833dp</dimen>
    <dimen name="DIMEN_1104PX">460dp</dimen>
    <dimen name="DIMEN_1105PX">460.4167dp</dimen>
    <dimen name="DIMEN_1106PX">460.8333dp</dimen>
    <dimen name="DIMEN_1107PX">461.25dp</dimen>
    <dimen name="DIMEN_1108PX">461.6667dp</dimen>
    <dimen name="DIMEN_1109PX">462.0833dp</dimen>
    <dimen name="DIMEN_1110PX">462.5dp</dimen>
    <dimen name="DIMEN_1111PX">462.9167dp</dimen>
    <dimen name="DIMEN_1112PX">463.3333dp</dimen>
    <dimen name="DIMEN_1113PX">463.75dp</dimen>
    <dimen name="DIMEN_1114PX">464.1667dp</dimen>
    <dimen name="DIMEN_1115PX">464.5833dp</dimen>
    <dimen name="DIMEN_1116PX">465dp</dimen>
    <dimen name="DIMEN_1117PX">465.4167dp</dimen>
    <dimen name="DIMEN_1118PX">465.8333dp</dimen>
    <dimen name="DIMEN_1119PX">466.25dp</dimen>
    <dimen name="DIMEN_1120PX">466.6667dp</dimen>
    <dimen name="DIMEN_1121PX">467.0833dp</dimen>
    <dimen name="DIMEN_1122PX">467.5dp</dimen>
    <dimen name="DIMEN_1123PX">467.9167dp</dimen>
    <dimen name="DIMEN_1124PX">468.3333dp</dimen>
    <dimen name="DIMEN_1125PX">468.75dp</dimen>
    <dimen name="DIMEN_1126PX">469.1667dp</dimen>
    <dimen name="DIMEN_1127PX">469.5833dp</dimen>
    <dimen name="DIMEN_1128PX">470dp</dimen>
    <dimen name="DIMEN_1129PX">470.4167dp</dimen>
    <dimen name="DIMEN_1130PX">470.8333dp</dimen>
    <dimen name="DIMEN_1131PX">471.25dp</dimen>
    <dimen name="DIMEN_1132PX">471.6667dp</dimen>
    <dimen name="DIMEN_1133PX">472.0833dp</dimen>
    <dimen name="DIMEN_1134PX">472.5dp</dimen>
    <dimen name="DIMEN_1135PX">472.9167dp</dimen>
    <dimen name="DIMEN_1136PX">473.3333dp</dimen>
    <dimen name="DIMEN_1137PX">473.75dp</dimen>
    <dimen name="DIMEN_1138PX">474.1667dp</dimen>
    <dimen name="DIMEN_1139PX">474.5833dp</dimen>
    <dimen name="DIMEN_1140PX">475dp</dimen>
    <dimen name="DIMEN_1141PX">475.4167dp</dimen>
    <dimen name="DIMEN_1142PX">475.8333dp</dimen>
    <dimen name="DIMEN_1143PX">476.25dp</dimen>
    <dimen name="DIMEN_1144PX">476.6667dp</dimen>
    <dimen name="DIMEN_1145PX">477.0833dp</dimen>
    <dimen name="DIMEN_1146PX">477.5dp</dimen>
    <dimen name="DIMEN_1147PX">477.9167dp</dimen>
    <dimen name="DIMEN_1148PX">478.3333dp</dimen>
    <dimen name="DIMEN_1149PX">478.75dp</dimen>
    <dimen name="DIMEN_1150PX">479.1667dp</dimen>
    <dimen name="DIMEN_1151PX">479.5833dp</dimen>
    <dimen name="DIMEN_1152PX">480dp</dimen>
    <dimen name="DIMEN_1153PX">480.4167dp</dimen>
    <dimen name="DIMEN_1154PX">480.8333dp</dimen>
    <dimen name="DIMEN_1155PX">481.25dp</dimen>
    <dimen name="DIMEN_1156PX">481.6667dp</dimen>
    <dimen name="DIMEN_1157PX">482.0833dp</dimen>
    <dimen name="DIMEN_1158PX">482.5dp</dimen>
    <dimen name="DIMEN_1159PX">482.9167dp</dimen>
    <dimen name="DIMEN_1160PX">483.3333dp</dimen>
    <dimen name="DIMEN_1161PX">483.75dp</dimen>
    <dimen name="DIMEN_1162PX">484.1667dp</dimen>
    <dimen name="DIMEN_1163PX">484.5833dp</dimen>
    <dimen name="DIMEN_1164PX">485dp</dimen>
    <dimen name="DIMEN_1165PX">485.4167dp</dimen>
    <dimen name="DIMEN_1166PX">485.8333dp</dimen>
    <dimen name="DIMEN_1167PX">486.25dp</dimen>
    <dimen name="DIMEN_1168PX">486.6667dp</dimen>
    <dimen name="DIMEN_1169PX">487.0833dp</dimen>
    <dimen name="DIMEN_1170PX">487.5dp</dimen>
    <dimen name="DIMEN_1171PX">487.9167dp</dimen>
    <dimen name="DIMEN_1172PX">488.3333dp</dimen>
    <dimen name="DIMEN_1173PX">488.75dp</dimen>
    <dimen name="DIMEN_1174PX">489.1667dp</dimen>
    <dimen name="DIMEN_1175PX">489.5833dp</dimen>
    <dimen name="DIMEN_1176PX">490dp</dimen>
    <dimen name="DIMEN_1177PX">490.4167dp</dimen>
    <dimen name="DIMEN_1178PX">490.8333dp</dimen>
    <dimen name="DIMEN_1179PX">491.25dp</dimen>
    <dimen name="DIMEN_1180PX">491.6667dp</dimen>
    <dimen name="DIMEN_1181PX">492.0833dp</dimen>
    <dimen name="DIMEN_1182PX">492.5dp</dimen>
    <dimen name="DIMEN_1183PX">492.9167dp</dimen>
    <dimen name="DIMEN_1184PX">493.3333dp</dimen>
    <dimen name="DIMEN_1185PX">493.75dp</dimen>
    <dimen name="DIMEN_1186PX">494.1667dp</dimen>
    <dimen name="DIMEN_1187PX">494.5833dp</dimen>
    <dimen name="DIMEN_1188PX">495dp</dimen>
    <dimen name="DIMEN_1189PX">495.4167dp</dimen>
    <dimen name="DIMEN_1190PX">495.8333dp</dimen>
    <dimen name="DIMEN_1191PX">496.25dp</dimen>
    <dimen name="DIMEN_1192PX">496.6667dp</dimen>
    <dimen name="DIMEN_1193PX">497.0833dp</dimen>
    <dimen name="DIMEN_1194PX">497.5dp</dimen>
    <dimen name="DIMEN_1195PX">497.9167dp</dimen>
    <dimen name="DIMEN_1196PX">498.3333dp</dimen>
    <dimen name="DIMEN_1197PX">498.75dp</dimen>
    <dimen name="DIMEN_1198PX">499.1667dp</dimen>
    <dimen name="DIMEN_1199PX">499.5833dp</dimen>
    <dimen name="DIMEN_1200PX">500dp</dimen>
    <dimen name="DIMEN_1201PX">500.4167dp</dimen>
    <dimen name="DIMEN_1202PX">500.8333dp</dimen>
    <dimen name="DIMEN_1203PX">501.25dp</dimen>
    <dimen name="DIMEN_1204PX">501.6667dp</dimen>
    <dimen name="DIMEN_1205PX">502.0833dp</dimen>
    <dimen name="DIMEN_1206PX">502.5dp</dimen>
    <dimen name="DIMEN_1207PX">502.9167dp</dimen>
    <dimen name="DIMEN_1208PX">503.3333dp</dimen>
    <dimen name="DIMEN_1209PX">503.75dp</dimen>
    <dimen name="DIMEN_1210PX">504.1667dp</dimen>
    <dimen name="DIMEN_1211PX">504.5833dp</dimen>
    <dimen name="DIMEN_1212PX">505dp</dimen>
    <dimen name="DIMEN_1213PX">505.4167dp</dimen>
    <dimen name="DIMEN_1214PX">505.8333dp</dimen>
    <dimen name="DIMEN_1215PX">506.25dp</dimen>
    <dimen name="DIMEN_1216PX">506.6667dp</dimen>
    <dimen name="DIMEN_1217PX">507.0833dp</dimen>
    <dimen name="DIMEN_1218PX">507.5dp</dimen>
    <dimen name="DIMEN_1219PX">507.9167dp</dimen>
    <dimen name="DIMEN_1220PX">508.3333dp</dimen>
    <dimen name="DIMEN_1221PX">508.75dp</dimen>
    <dimen name="DIMEN_1222PX">509.1667dp</dimen>
    <dimen name="DIMEN_1223PX">509.5833dp</dimen>
    <dimen name="DIMEN_1224PX">510dp</dimen>
    <dimen name="DIMEN_1225PX">510.4167dp</dimen>
    <dimen name="DIMEN_1226PX">510.8333dp</dimen>
    <dimen name="DIMEN_1227PX">511.25dp</dimen>
    <dimen name="DIMEN_1228PX">511.6667dp</dimen>
    <dimen name="DIMEN_1229PX">512.0833dp</dimen>
    <dimen name="DIMEN_1230PX">512.5dp</dimen>
    <dimen name="DIMEN_1231PX">512.9166dp</dimen>
    <dimen name="DIMEN_1232PX">513.3333dp</dimen>
    <dimen name="DIMEN_1233PX">513.75dp</dimen>
    <dimen name="DIMEN_1234PX">514.1666dp</dimen>
    <dimen name="DIMEN_1235PX">514.5833dp</dimen>
    <dimen name="DIMEN_1236PX">515dp</dimen>
    <dimen name="DIMEN_1237PX">515.4166dp</dimen>
    <dimen name="DIMEN_1238PX">515.8333dp</dimen>
    <dimen name="DIMEN_1239PX">516.25dp</dimen>
    <dimen name="DIMEN_1240PX">516.6666dp</dimen>
    <dimen name="DIMEN_1241PX">517.0833dp</dimen>
    <dimen name="DIMEN_1242PX">517.5dp</dimen>
    <dimen name="DIMEN_1243PX">517.9166dp</dimen>
    <dimen name="DIMEN_1244PX">518.3333dp</dimen>
    <dimen name="DIMEN_1245PX">518.75dp</dimen>
    <dimen name="DIMEN_1246PX">519.1666dp</dimen>
    <dimen name="DIMEN_1247PX">519.5833dp</dimen>
    <dimen name="DIMEN_1248PX">520dp</dimen>
    <dimen name="DIMEN_1249PX">520.4166dp</dimen>
    <dimen name="DIMEN_1250PX">520.8333dp</dimen>
    <dimen name="DIMEN_1251PX">521.25dp</dimen>
    <dimen name="DIMEN_1252PX">521.6666dp</dimen>
    <dimen name="DIMEN_1253PX">522.0833dp</dimen>
    <dimen name="DIMEN_1254PX">522.5dp</dimen>
    <dimen name="DIMEN_1255PX">522.9166dp</dimen>
    <dimen name="DIMEN_1256PX">523.3333dp</dimen>
    <dimen name="DIMEN_1257PX">523.75dp</dimen>
    <dimen name="DIMEN_1258PX">524.1666dp</dimen>
    <dimen name="DIMEN_1259PX">524.5833dp</dimen>
    <dimen name="DIMEN_1260PX">525dp</dimen>
    <dimen name="DIMEN_1261PX">525.4166dp</dimen>
    <dimen name="DIMEN_1262PX">525.8333dp</dimen>
    <dimen name="DIMEN_1263PX">526.25dp</dimen>
    <dimen name="DIMEN_1264PX">526.6666dp</dimen>
    <dimen name="DIMEN_1265PX">527.0833dp</dimen>
    <dimen name="DIMEN_1266PX">527.5dp</dimen>
    <dimen name="DIMEN_1267PX">527.9166dp</dimen>
    <dimen name="DIMEN_1268PX">528.3333dp</dimen>
    <dimen name="DIMEN_1269PX">528.75dp</dimen>
    <dimen name="DIMEN_1270PX">529.1666dp</dimen>
    <dimen name="DIMEN_1271PX">529.5833dp</dimen>
    <dimen name="DIMEN_1272PX">530dp</dimen>
    <dimen name="DIMEN_1273PX">530.4166dp</dimen>
    <dimen name="DIMEN_1274PX">530.8333dp</dimen>
    <dimen name="DIMEN_1275PX">531.25dp</dimen>
    <dimen name="DIMEN_1276PX">531.6666dp</dimen>
    <dimen name="DIMEN_1277PX">532.0833dp</dimen>
    <dimen name="DIMEN_1278PX">532.5dp</dimen>
    <dimen name="DIMEN_1279PX">532.9166dp</dimen>
    <dimen name="DIMEN_1280PX">533.3333dp</dimen>
    <dimen name="DIMEN_1281PX">533.75dp</dimen>
    <dimen name="DIMEN_1282PX">534.1666dp</dimen>
    <dimen name="DIMEN_1283PX">534.5833dp</dimen>
    <dimen name="DIMEN_1284PX">535dp</dimen>
    <dimen name="DIMEN_1285PX">535.4166dp</dimen>
    <dimen name="DIMEN_1286PX">535.8333dp</dimen>
    <dimen name="DIMEN_1287PX">536.25dp</dimen>
    <dimen name="DIMEN_1288PX">536.6666dp</dimen>
    <dimen name="DIMEN_1289PX">537.0833dp</dimen>
    <dimen name="DIMEN_1290PX">537.5dp</dimen>
    <dimen name="DIMEN_1291PX">537.9166dp</dimen>
    <dimen name="DIMEN_1292PX">538.3333dp</dimen>
    <dimen name="DIMEN_1293PX">538.75dp</dimen>
    <dimen name="DIMEN_1294PX">539.1666dp</dimen>
    <dimen name="DIMEN_1295PX">539.5833dp</dimen>
    <dimen name="DIMEN_1296PX">540dp</dimen>
    <dimen name="DIMEN_1297PX">540.4166dp</dimen>
    <dimen name="DIMEN_1298PX">540.8333dp</dimen>
    <dimen name="DIMEN_1299PX">541.25dp</dimen>
    <dimen name="DIMEN_1300PX">541.6666dp</dimen>
    <dimen name="DIMEN_1301PX">542.0833dp</dimen>
    <dimen name="DIMEN_1302PX">542.5dp</dimen>
    <dimen name="DIMEN_1303PX">542.9166dp</dimen>
    <dimen name="DIMEN_1304PX">543.3333dp</dimen>
    <dimen name="DIMEN_1305PX">543.75dp</dimen>
    <dimen name="DIMEN_1306PX">544.1666dp</dimen>
    <dimen name="DIMEN_1307PX">544.5833dp</dimen>
    <dimen name="DIMEN_1308PX">545dp</dimen>
    <dimen name="DIMEN_1309PX">545.4166dp</dimen>
    <dimen name="DIMEN_1310PX">545.8333dp</dimen>
    <dimen name="DIMEN_1311PX">546.25dp</dimen>
    <dimen name="DIMEN_1312PX">546.6666dp</dimen>
    <dimen name="DIMEN_1313PX">547.0833dp</dimen>
    <dimen name="DIMEN_1314PX">547.5dp</dimen>
    <dimen name="DIMEN_1315PX">547.9166dp</dimen>
    <dimen name="DIMEN_1316PX">548.3333dp</dimen>
    <dimen name="DIMEN_1317PX">548.75dp</dimen>
    <dimen name="DIMEN_1318PX">549.1666dp</dimen>
    <dimen name="DIMEN_1319PX">549.5833dp</dimen>
    <dimen name="DIMEN_1320PX">550dp</dimen>
    <dimen name="DIMEN_1321PX">550.4166dp</dimen>
    <dimen name="DIMEN_1322PX">550.8333dp</dimen>
    <dimen name="DIMEN_1323PX">551.25dp</dimen>
    <dimen name="DIMEN_1324PX">551.6666dp</dimen>
    <dimen name="DIMEN_1325PX">552.0833dp</dimen>
    <dimen name="DIMEN_1326PX">552.5dp</dimen>
    <dimen name="DIMEN_1327PX">552.9166dp</dimen>
    <dimen name="DIMEN_1328PX">553.3333dp</dimen>
    <dimen name="DIMEN_1329PX">553.75dp</dimen>
    <dimen name="DIMEN_1330PX">554.1666dp</dimen>
    <dimen name="DIMEN_1331PX">554.5833dp</dimen>
    <dimen name="DIMEN_1332PX">555dp</dimen>
    <dimen name="DIMEN_1333PX">555.4166dp</dimen>
    <dimen name="DIMEN_1334PX">555.8333dp</dimen>
    <dimen name="DIMEN_1335PX">556.25dp</dimen>
    <dimen name="DIMEN_1336PX">556.6666dp</dimen>
    <dimen name="DIMEN_1337PX">557.0833dp</dimen>
    <dimen name="DIMEN_1338PX">557.5dp</dimen>
    <dimen name="DIMEN_1339PX">557.9166dp</dimen>
    <dimen name="DIMEN_1340PX">558.3333dp</dimen>
    <dimen name="DIMEN_1341PX">558.75dp</dimen>
    <dimen name="DIMEN_1342PX">559.1666dp</dimen>
    <dimen name="DIMEN_1343PX">559.5833dp</dimen>
    <dimen name="DIMEN_1344PX">560dp</dimen>
    <dimen name="DIMEN_1345PX">560.4166dp</dimen>
    <dimen name="DIMEN_1346PX">560.8333dp</dimen>
    <dimen name="DIMEN_1347PX">561.25dp</dimen>
    <dimen name="DIMEN_1348PX">561.6666dp</dimen>
    <dimen name="DIMEN_1349PX">562.0833dp</dimen>
    <dimen name="DIMEN_1350PX">562.5dp</dimen>
    <dimen name="DIMEN_1351PX">562.9166dp</dimen>
    <dimen name="DIMEN_1352PX">563.3333dp</dimen>
    <dimen name="DIMEN_1353PX">563.75dp</dimen>
    <dimen name="DIMEN_1354PX">564.1666dp</dimen>
    <dimen name="DIMEN_1355PX">564.5833dp</dimen>
    <dimen name="DIMEN_1356PX">565dp</dimen>
    <dimen name="DIMEN_1357PX">565.4166dp</dimen>
    <dimen name="DIMEN_1358PX">565.8333dp</dimen>
    <dimen name="DIMEN_1359PX">566.25dp</dimen>
    <dimen name="DIMEN_1360PX">566.6666dp</dimen>
    <dimen name="DIMEN_1361PX">567.0833dp</dimen>
    <dimen name="DIMEN_1362PX">567.5dp</dimen>
    <dimen name="DIMEN_1363PX">567.9166dp</dimen>
    <dimen name="DIMEN_1364PX">568.3333dp</dimen>
    <dimen name="DIMEN_1365PX">568.75dp</dimen>
    <dimen name="DIMEN_1366PX">569.1666dp</dimen>
    <dimen name="DIMEN_1367PX">569.5833dp</dimen>
    <dimen name="DIMEN_1368PX">570dp</dimen>
    <dimen name="DIMEN_1369PX">570.4166dp</dimen>
    <dimen name="DIMEN_1370PX">570.8333dp</dimen>
    <dimen name="DIMEN_1371PX">571.25dp</dimen>
    <dimen name="DIMEN_1372PX">571.6666dp</dimen>
    <dimen name="DIMEN_1373PX">572.0833dp</dimen>
    <dimen name="DIMEN_1374PX">572.5dp</dimen>
    <dimen name="DIMEN_1375PX">572.9166dp</dimen>
    <dimen name="DIMEN_1376PX">573.3333dp</dimen>
    <dimen name="DIMEN_1377PX">573.75dp</dimen>
    <dimen name="DIMEN_1378PX">574.1666dp</dimen>
    <dimen name="DIMEN_1379PX">574.5833dp</dimen>
    <dimen name="DIMEN_1380PX">575dp</dimen>
    <dimen name="DIMEN_1381PX">575.4166dp</dimen>
    <dimen name="DIMEN_1382PX">575.8333dp</dimen>
    <dimen name="DIMEN_1383PX">576.25dp</dimen>
    <dimen name="DIMEN_1384PX">576.6666dp</dimen>
    <dimen name="DIMEN_1385PX">577.0833dp</dimen>
    <dimen name="DIMEN_1386PX">577.5dp</dimen>
    <dimen name="DIMEN_1387PX">577.9166dp</dimen>
    <dimen name="DIMEN_1388PX">578.3333dp</dimen>
    <dimen name="DIMEN_1389PX">578.75dp</dimen>
    <dimen name="DIMEN_1390PX">579.1666dp</dimen>
    <dimen name="DIMEN_1391PX">579.5833dp</dimen>
    <dimen name="DIMEN_1392PX">580dp</dimen>
    <dimen name="DIMEN_1393PX">580.4166dp</dimen>
    <dimen name="DIMEN_1394PX">580.8333dp</dimen>
    <dimen name="DIMEN_1395PX">581.25dp</dimen>
    <dimen name="DIMEN_1396PX">581.6666dp</dimen>
    <dimen name="DIMEN_1397PX">582.0833dp</dimen>
    <dimen name="DIMEN_1398PX">582.5dp</dimen>
    <dimen name="DIMEN_1399PX">582.9166dp</dimen>
    <dimen name="DIMEN_1400PX">583.3333dp</dimen>

</resources>
