<?xml version="1.0" encoding="utf-8"?>
<resources>
    <dimen name="activity_horizontal_margin">20dp</dimen>
    <dimen name="activity_vertical_margin">20dp</dimen>
    <dimen name="DIMEN_1PX">0.625dp</dimen>
    <dimen name="DIMEN_2PX">1.25dp</dimen>
    <dimen name="DIMEN_3PX">1.875dp</dimen>
    <dimen name="DIMEN_4PX">2.5dp</dimen>
    <dimen name="DIMEN_5PX">3.125dp</dimen>
    <dimen name="DIMEN_6PX">3.75dp</dimen>
    <dimen name="DIMEN_7PX">4.375dp</dimen>
    <dimen name="DIMEN_8PX">5dp</dimen>
    <dimen name="DIMEN_9PX">5.625dp</dimen>
    <dimen name="DIMEN_10PX">6.25dp</dimen>
    <dimen name="DIMEN_11PX">6.875dp</dimen>
    <dimen name="DIMEN_12PX">7.5dp</dimen>
    <dimen name="DIMEN_13PX">8.125dp</dimen>
    <dimen name="DIMEN_14PX">8.75dp</dimen>
    <dimen name="DIMEN_15PX">9.375dp</dimen>
    <dimen name="DIMEN_16PX">10dp</dimen>
    <dimen name="DIMEN_17PX">10.625dp</dimen>
    <dimen name="DIMEN_18PX">11.25dp</dimen>
    <dimen name="DIMEN_19PX">11.875dp</dimen>
    <dimen name="DIMEN_20PX">12.5dp</dimen>
    <dimen name="DIMEN_21PX">13.125dp</dimen>
    <dimen name="DIMEN_22PX">13.75dp</dimen>
    <dimen name="DIMEN_23PX">14.375dp</dimen>
    <dimen name="DIMEN_24PX">15dp</dimen>
    <dimen name="DIMEN_25PX">15.625dp</dimen>
    <dimen name="DIMEN_26PX">16.25dp</dimen>
    <dimen name="DIMEN_27PX">16.875dp</dimen>
    <dimen name="DIMEN_28PX">17.5dp</dimen>
    <dimen name="DIMEN_29PX">18.125dp</dimen>
    <dimen name="DIMEN_30PX">18.75dp</dimen>
    <dimen name="DIMEN_31PX">19.375dp</dimen>
    <dimen name="DIMEN_32PX">20dp</dimen>
    <dimen name="DIMEN_33PX">20.625dp</dimen>
    <dimen name="DIMEN_34PX">21.25dp</dimen>
    <dimen name="DIMEN_35PX">21.875dp</dimen>
    <dimen name="DIMEN_36PX">22.5dp</dimen>
    <dimen name="DIMEN_37PX">23.125dp</dimen>
    <dimen name="DIMEN_38PX">23.75dp</dimen>
    <dimen name="DIMEN_39PX">24.375dp</dimen>
    <dimen name="DIMEN_40PX">25dp</dimen>
    <dimen name="DIMEN_41PX">25.625dp</dimen>
    <dimen name="DIMEN_42PX">26.25dp</dimen>
    <dimen name="DIMEN_43PX">26.875dp</dimen>
    <dimen name="DIMEN_44PX">27.5dp</dimen>
    <dimen name="DIMEN_45PX">28.125dp</dimen>
    <dimen name="DIMEN_46PX">28.75dp</dimen>
    <dimen name="DIMEN_47PX">29.375dp</dimen>
    <dimen name="DIMEN_48PX">30dp</dimen>
    <dimen name="DIMEN_49PX">30.625dp</dimen>
    <dimen name="DIMEN_50PX">31.25dp</dimen>
    <dimen name="DIMEN_51PX">31.875dp</dimen>
    <dimen name="DIMEN_52PX">32.5dp</dimen>
    <dimen name="DIMEN_53PX">33.125dp</dimen>
    <dimen name="DIMEN_54PX">33.75dp</dimen>
    <dimen name="DIMEN_55PX">34.375dp</dimen>
    <dimen name="DIMEN_56PX">35dp</dimen>
    <dimen name="DIMEN_57PX">35.625dp</dimen>
    <dimen name="DIMEN_58PX">36.25dp</dimen>
    <dimen name="DIMEN_59PX">36.875dp</dimen>
    <dimen name="DIMEN_60PX">37.5dp</dimen>
    <dimen name="DIMEN_61PX">38.125dp</dimen>
    <dimen name="DIMEN_62PX">38.75dp</dimen>
    <dimen name="DIMEN_63PX">39.375dp</dimen>
    <dimen name="DIMEN_64PX">40dp</dimen>
    <dimen name="DIMEN_65PX">40.625dp</dimen>
    <dimen name="DIMEN_66PX">41.25dp</dimen>
    <dimen name="DIMEN_67PX">41.875dp</dimen>
    <dimen name="DIMEN_68PX">42.5dp</dimen>
    <dimen name="DIMEN_69PX">43.125dp</dimen>
    <dimen name="DIMEN_70PX">43.75dp</dimen>
    <dimen name="DIMEN_71PX">44.375dp</dimen>
    <dimen name="DIMEN_72PX">45dp</dimen>
    <dimen name="DIMEN_73PX">45.625dp</dimen>
    <dimen name="DIMEN_74PX">46.25dp</dimen>
    <dimen name="DIMEN_75PX">46.875dp</dimen>
    <dimen name="DIMEN_76PX">47.5dp</dimen>
    <dimen name="DIMEN_77PX">48.125dp</dimen>
    <dimen name="DIMEN_78PX">48.75dp</dimen>
    <dimen name="DIMEN_79PX">49.375dp</dimen>
    <dimen name="DIMEN_80PX">50dp</dimen>
    <dimen name="DIMEN_81PX">50.625dp</dimen>
    <dimen name="DIMEN_82PX">51.25dp</dimen>
    <dimen name="DIMEN_83PX">51.875dp</dimen>
    <dimen name="DIMEN_84PX">52.5dp</dimen>
    <dimen name="DIMEN_85PX">53.125dp</dimen>
    <dimen name="DIMEN_86PX">53.75dp</dimen>
    <dimen name="DIMEN_87PX">54.375dp</dimen>
    <dimen name="DIMEN_88PX">55dp</dimen>
    <dimen name="DIMEN_89PX">55.625dp</dimen>
    <dimen name="DIMEN_90PX">56.25dp</dimen>
    <dimen name="DIMEN_91PX">56.875dp</dimen>
    <dimen name="DIMEN_92PX">57.5dp</dimen>
    <dimen name="DIMEN_93PX">58.125dp</dimen>
    <dimen name="DIMEN_94PX">58.75dp</dimen>
    <dimen name="DIMEN_95PX">59.375dp</dimen>
    <dimen name="DIMEN_96PX">60dp</dimen>
    <dimen name="DIMEN_97PX">60.625dp</dimen>
    <dimen name="DIMEN_98PX">61.25dp</dimen>
    <dimen name="DIMEN_99PX">61.875dp</dimen>
    <dimen name="DIMEN_100PX">62.5dp</dimen>
    <dimen name="DIMEN_101PX">63.125dp</dimen>
    <dimen name="DIMEN_102PX">63.75dp</dimen>
    <dimen name="DIMEN_103PX">64.375dp</dimen>
    <dimen name="DIMEN_104PX">65dp</dimen>
    <dimen name="DIMEN_105PX">65.625dp</dimen>
    <dimen name="DIMEN_106PX">66.25dp</dimen>
    <dimen name="DIMEN_107PX">66.875dp</dimen>
    <dimen name="DIMEN_108PX">67.5dp</dimen>
    <dimen name="DIMEN_109PX">68.125dp</dimen>
    <dimen name="DIMEN_110PX">68.75dp</dimen>
    <dimen name="DIMEN_111PX">69.375dp</dimen>
    <dimen name="DIMEN_112PX">70dp</dimen>
    <dimen name="DIMEN_113PX">70.625dp</dimen>
    <dimen name="DIMEN_114PX">71.25dp</dimen>
    <dimen name="DIMEN_115PX">71.875dp</dimen>
    <dimen name="DIMEN_116PX">72.5dp</dimen>
    <dimen name="DIMEN_117PX">73.125dp</dimen>
    <dimen name="DIMEN_118PX">73.75dp</dimen>
    <dimen name="DIMEN_119PX">74.375dp</dimen>
    <dimen name="DIMEN_120PX">75dp</dimen>
    <dimen name="DIMEN_121PX">75.625dp</dimen>
    <dimen name="DIMEN_122PX">76.25dp</dimen>
    <dimen name="DIMEN_123PX">76.875dp</dimen>
    <dimen name="DIMEN_124PX">77.5dp</dimen>
    <dimen name="DIMEN_125PX">78.125dp</dimen>
    <dimen name="DIMEN_126PX">78.75dp</dimen>
    <dimen name="DIMEN_127PX">79.375dp</dimen>
    <dimen name="DIMEN_128PX">80dp</dimen>
    <dimen name="DIMEN_129PX">80.625dp</dimen>
    <dimen name="DIMEN_130PX">81.25dp</dimen>
    <dimen name="DIMEN_131PX">81.875dp</dimen>
    <dimen name="DIMEN_132PX">82.5dp</dimen>
    <dimen name="DIMEN_133PX">83.125dp</dimen>
    <dimen name="DIMEN_134PX">83.75dp</dimen>
    <dimen name="DIMEN_135PX">84.375dp</dimen>
    <dimen name="DIMEN_136PX">85dp</dimen>
    <dimen name="DIMEN_137PX">85.625dp</dimen>
    <dimen name="DIMEN_138PX">86.25dp</dimen>
    <dimen name="DIMEN_139PX">86.875dp</dimen>
    <dimen name="DIMEN_140PX">87.5dp</dimen>
    <dimen name="DIMEN_141PX">88.125dp</dimen>
    <dimen name="DIMEN_142PX">88.75dp</dimen>
    <dimen name="DIMEN_143PX">89.375dp</dimen>
    <dimen name="DIMEN_144PX">90dp</dimen>
    <dimen name="DIMEN_145PX">90.625dp</dimen>
    <dimen name="DIMEN_146PX">91.25dp</dimen>
    <dimen name="DIMEN_147PX">91.875dp</dimen>
    <dimen name="DIMEN_148PX">92.5dp</dimen>
    <dimen name="DIMEN_149PX">93.125dp</dimen>
    <dimen name="DIMEN_150PX">93.75dp</dimen>
    <dimen name="DIMEN_151PX">94.375dp</dimen>
    <dimen name="DIMEN_152PX">95dp</dimen>
    <dimen name="DIMEN_153PX">95.625dp</dimen>
    <dimen name="DIMEN_154PX">96.25dp</dimen>
    <dimen name="DIMEN_155PX">96.875dp</dimen>
    <dimen name="DIMEN_156PX">97.5dp</dimen>
    <dimen name="DIMEN_157PX">98.125dp</dimen>
    <dimen name="DIMEN_158PX">98.75dp</dimen>
    <dimen name="DIMEN_159PX">99.375dp</dimen>
    <dimen name="DIMEN_160PX">100dp</dimen>
    <dimen name="DIMEN_161PX">100.625dp</dimen>
    <dimen name="DIMEN_162PX">101.25dp</dimen>
    <dimen name="DIMEN_163PX">101.875dp</dimen>
    <dimen name="DIMEN_164PX">102.5dp</dimen>
    <dimen name="DIMEN_165PX">103.125dp</dimen>
    <dimen name="DIMEN_166PX">103.75dp</dimen>
    <dimen name="DIMEN_167PX">104.375dp</dimen>
    <dimen name="DIMEN_168PX">105dp</dimen>
    <dimen name="DIMEN_169PX">105.625dp</dimen>
    <dimen name="DIMEN_170PX">106.25dp</dimen>
    <dimen name="DIMEN_171PX">106.875dp</dimen>
    <dimen name="DIMEN_172PX">107.5dp</dimen>
    <dimen name="DIMEN_173PX">108.125dp</dimen>
    <dimen name="DIMEN_174PX">108.75dp</dimen>
    <dimen name="DIMEN_175PX">109.375dp</dimen>
    <dimen name="DIMEN_176PX">110dp</dimen>
    <dimen name="DIMEN_177PX">110.625dp</dimen>
    <dimen name="DIMEN_178PX">111.25dp</dimen>
    <dimen name="DIMEN_179PX">111.875dp</dimen>
    <dimen name="DIMEN_180PX">112.5dp</dimen>
    <dimen name="DIMEN_181PX">113.125dp</dimen>
    <dimen name="DIMEN_182PX">113.75dp</dimen>
    <dimen name="DIMEN_183PX">114.375dp</dimen>
    <dimen name="DIMEN_184PX">115dp</dimen>
    <dimen name="DIMEN_185PX">115.625dp</dimen>
    <dimen name="DIMEN_186PX">116.25dp</dimen>
    <dimen name="DIMEN_187PX">116.875dp</dimen>
    <dimen name="DIMEN_188PX">117.5dp</dimen>
    <dimen name="DIMEN_189PX">118.125dp</dimen>
    <dimen name="DIMEN_190PX">118.75dp</dimen>
    <dimen name="DIMEN_191PX">119.375dp</dimen>
    <dimen name="DIMEN_192PX">120dp</dimen>
    <dimen name="DIMEN_193PX">120.625dp</dimen>
    <dimen name="DIMEN_194PX">121.25dp</dimen>
    <dimen name="DIMEN_195PX">121.875dp</dimen>
    <dimen name="DIMEN_196PX">122.5dp</dimen>
    <dimen name="DIMEN_197PX">123.125dp</dimen>
    <dimen name="DIMEN_198PX">123.75dp</dimen>
    <dimen name="DIMEN_199PX">124.375dp</dimen>
    <dimen name="DIMEN_200PX">125dp</dimen>
    <dimen name="DIMEN_201PX">125.625dp</dimen>
    <dimen name="DIMEN_202PX">126.25dp</dimen>
    <dimen name="DIMEN_203PX">126.875dp</dimen>
    <dimen name="DIMEN_204PX">127.5dp</dimen>
    <dimen name="DIMEN_205PX">128.125dp</dimen>
    <dimen name="DIMEN_206PX">128.75dp</dimen>
    <dimen name="DIMEN_207PX">129.375dp</dimen>
    <dimen name="DIMEN_208PX">130dp</dimen>
    <dimen name="DIMEN_209PX">130.625dp</dimen>
    <dimen name="DIMEN_210PX">131.25dp</dimen>
    <dimen name="DIMEN_211PX">131.875dp</dimen>
    <dimen name="DIMEN_212PX">132.5dp</dimen>
    <dimen name="DIMEN_213PX">133.125dp</dimen>
    <dimen name="DIMEN_214PX">133.75dp</dimen>
    <dimen name="DIMEN_215PX">134.375dp</dimen>
    <dimen name="DIMEN_216PX">135dp</dimen>
    <dimen name="DIMEN_217PX">135.625dp</dimen>
    <dimen name="DIMEN_218PX">136.25dp</dimen>
    <dimen name="DIMEN_219PX">136.875dp</dimen>
    <dimen name="DIMEN_220PX">137.5dp</dimen>
    <dimen name="DIMEN_221PX">138.125dp</dimen>
    <dimen name="DIMEN_222PX">138.75dp</dimen>
    <dimen name="DIMEN_223PX">139.375dp</dimen>
    <dimen name="DIMEN_224PX">140dp</dimen>
    <dimen name="DIMEN_225PX">140.625dp</dimen>
    <dimen name="DIMEN_226PX">141.25dp</dimen>
    <dimen name="DIMEN_227PX">141.875dp</dimen>
    <dimen name="DIMEN_228PX">142.5dp</dimen>
    <dimen name="DIMEN_229PX">143.125dp</dimen>
    <dimen name="DIMEN_230PX">143.75dp</dimen>
    <dimen name="DIMEN_231PX">144.375dp</dimen>
    <dimen name="DIMEN_232PX">145dp</dimen>
    <dimen name="DIMEN_233PX">145.625dp</dimen>
    <dimen name="DIMEN_234PX">146.25dp</dimen>
    <dimen name="DIMEN_235PX">146.875dp</dimen>
    <dimen name="DIMEN_236PX">147.5dp</dimen>
    <dimen name="DIMEN_237PX">148.125dp</dimen>
    <dimen name="DIMEN_238PX">148.75dp</dimen>
    <dimen name="DIMEN_239PX">149.375dp</dimen>
    <dimen name="DIMEN_240PX">150dp</dimen>
    <dimen name="DIMEN_241PX">150.625dp</dimen>
    <dimen name="DIMEN_242PX">151.25dp</dimen>
    <dimen name="DIMEN_243PX">151.875dp</dimen>
    <dimen name="DIMEN_244PX">152.5dp</dimen>
    <dimen name="DIMEN_245PX">153.125dp</dimen>
    <dimen name="DIMEN_246PX">153.75dp</dimen>
    <dimen name="DIMEN_247PX">154.375dp</dimen>
    <dimen name="DIMEN_248PX">155dp</dimen>
    <dimen name="DIMEN_249PX">155.625dp</dimen>
    <dimen name="DIMEN_250PX">156.25dp</dimen>
    <dimen name="DIMEN_251PX">156.875dp</dimen>
    <dimen name="DIMEN_252PX">157.5dp</dimen>
    <dimen name="DIMEN_253PX">158.125dp</dimen>
    <dimen name="DIMEN_254PX">158.75dp</dimen>
    <dimen name="DIMEN_255PX">159.375dp</dimen>
    <dimen name="DIMEN_256PX">160dp</dimen>
    <dimen name="DIMEN_257PX">160.625dp</dimen>
    <dimen name="DIMEN_258PX">161.25dp</dimen>
    <dimen name="DIMEN_259PX">161.875dp</dimen>
    <dimen name="DIMEN_260PX">162.5dp</dimen>
    <dimen name="DIMEN_261PX">163.125dp</dimen>
    <dimen name="DIMEN_262PX">163.75dp</dimen>
    <dimen name="DIMEN_263PX">164.375dp</dimen>
    <dimen name="DIMEN_264PX">165dp</dimen>
    <dimen name="DIMEN_265PX">165.625dp</dimen>
    <dimen name="DIMEN_266PX">166.25dp</dimen>
    <dimen name="DIMEN_267PX">166.875dp</dimen>
    <dimen name="DIMEN_268PX">167.5dp</dimen>
    <dimen name="DIMEN_269PX">168.125dp</dimen>
    <dimen name="DIMEN_270PX">168.75dp</dimen>
    <dimen name="DIMEN_271PX">169.375dp</dimen>
    <dimen name="DIMEN_272PX">170dp</dimen>
    <dimen name="DIMEN_273PX">170.625dp</dimen>
    <dimen name="DIMEN_274PX">171.25dp</dimen>
    <dimen name="DIMEN_275PX">171.875dp</dimen>
    <dimen name="DIMEN_276PX">172.5dp</dimen>
    <dimen name="DIMEN_277PX">173.125dp</dimen>
    <dimen name="DIMEN_278PX">173.75dp</dimen>
    <dimen name="DIMEN_279PX">174.375dp</dimen>
    <dimen name="DIMEN_280PX">175dp</dimen>
    <dimen name="DIMEN_281PX">175.625dp</dimen>
    <dimen name="DIMEN_282PX">176.25dp</dimen>
    <dimen name="DIMEN_283PX">176.875dp</dimen>
    <dimen name="DIMEN_284PX">177.5dp</dimen>
    <dimen name="DIMEN_285PX">178.125dp</dimen>
    <dimen name="DIMEN_286PX">178.75dp</dimen>
    <dimen name="DIMEN_287PX">179.375dp</dimen>
    <dimen name="DIMEN_288PX">180dp</dimen>
    <dimen name="DIMEN_289PX">180.625dp</dimen>
    <dimen name="DIMEN_290PX">181.25dp</dimen>
    <dimen name="DIMEN_291PX">181.875dp</dimen>
    <dimen name="DIMEN_292PX">182.5dp</dimen>
    <dimen name="DIMEN_293PX">183.125dp</dimen>
    <dimen name="DIMEN_294PX">183.75dp</dimen>
    <dimen name="DIMEN_295PX">184.375dp</dimen>
    <dimen name="DIMEN_296PX">185dp</dimen>
    <dimen name="DIMEN_297PX">185.625dp</dimen>
    <dimen name="DIMEN_298PX">186.25dp</dimen>
    <dimen name="DIMEN_299PX">186.875dp</dimen>
    <dimen name="DIMEN_300PX">187.5dp</dimen>
    <dimen name="DIMEN_301PX">188.125dp</dimen>
    <dimen name="DIMEN_302PX">188.75dp</dimen>
    <dimen name="DIMEN_303PX">189.375dp</dimen>
    <dimen name="DIMEN_304PX">190dp</dimen>
    <dimen name="DIMEN_305PX">190.625dp</dimen>
    <dimen name="DIMEN_306PX">191.25dp</dimen>
    <dimen name="DIMEN_307PX">191.875dp</dimen>
    <dimen name="DIMEN_308PX">192.5dp</dimen>
    <dimen name="DIMEN_309PX">193.125dp</dimen>
    <dimen name="DIMEN_310PX">193.75dp</dimen>
    <dimen name="DIMEN_311PX">194.375dp</dimen>
    <dimen name="DIMEN_312PX">195dp</dimen>
    <dimen name="DIMEN_313PX">195.625dp</dimen>
    <dimen name="DIMEN_314PX">196.25dp</dimen>
    <dimen name="DIMEN_315PX">196.875dp</dimen>
    <dimen name="DIMEN_316PX">197.5dp</dimen>
    <dimen name="DIMEN_317PX">198.125dp</dimen>
    <dimen name="DIMEN_318PX">198.75dp</dimen>
    <dimen name="DIMEN_319PX">199.375dp</dimen>
    <dimen name="DIMEN_320PX">200dp</dimen>
    <dimen name="DIMEN_321PX">200.625dp</dimen>
    <dimen name="DIMEN_322PX">201.25dp</dimen>
    <dimen name="DIMEN_323PX">201.875dp</dimen>
    <dimen name="DIMEN_324PX">202.5dp</dimen>
    <dimen name="DIMEN_325PX">203.125dp</dimen>
    <dimen name="DIMEN_326PX">203.75dp</dimen>
    <dimen name="DIMEN_327PX">204.375dp</dimen>
    <dimen name="DIMEN_328PX">205dp</dimen>
    <dimen name="DIMEN_329PX">205.625dp</dimen>
    <dimen name="DIMEN_330PX">206.25dp</dimen>
    <dimen name="DIMEN_331PX">206.875dp</dimen>
    <dimen name="DIMEN_332PX">207.5dp</dimen>
    <dimen name="DIMEN_333PX">208.125dp</dimen>
    <dimen name="DIMEN_334PX">208.75dp</dimen>
    <dimen name="DIMEN_335PX">209.375dp</dimen>
    <dimen name="DIMEN_336PX">210dp</dimen>
    <dimen name="DIMEN_337PX">210.625dp</dimen>
    <dimen name="DIMEN_338PX">211.25dp</dimen>
    <dimen name="DIMEN_339PX">211.875dp</dimen>
    <dimen name="DIMEN_340PX">212.5dp</dimen>
    <dimen name="DIMEN_341PX">213.125dp</dimen>
    <dimen name="DIMEN_342PX">213.75dp</dimen>
    <dimen name="DIMEN_343PX">214.375dp</dimen>
    <dimen name="DIMEN_344PX">215dp</dimen>
    <dimen name="DIMEN_345PX">215.625dp</dimen>
    <dimen name="DIMEN_346PX">216.25dp</dimen>
    <dimen name="DIMEN_347PX">216.875dp</dimen>
    <dimen name="DIMEN_348PX">217.5dp</dimen>
    <dimen name="DIMEN_349PX">218.125dp</dimen>
    <dimen name="DIMEN_350PX">218.75dp</dimen>
    <dimen name="DIMEN_351PX">219.375dp</dimen>
    <dimen name="DIMEN_352PX">220dp</dimen>
    <dimen name="DIMEN_353PX">220.625dp</dimen>
    <dimen name="DIMEN_354PX">221.25dp</dimen>
    <dimen name="DIMEN_355PX">221.875dp</dimen>
    <dimen name="DIMEN_356PX">222.5dp</dimen>
    <dimen name="DIMEN_357PX">223.125dp</dimen>
    <dimen name="DIMEN_358PX">223.75dp</dimen>
    <dimen name="DIMEN_359PX">224.375dp</dimen>
    <dimen name="DIMEN_360PX">225dp</dimen>
    <dimen name="DIMEN_361PX">225.625dp</dimen>
    <dimen name="DIMEN_362PX">226.25dp</dimen>
    <dimen name="DIMEN_363PX">226.875dp</dimen>
    <dimen name="DIMEN_364PX">227.5dp</dimen>
    <dimen name="DIMEN_365PX">228.125dp</dimen>
    <dimen name="DIMEN_366PX">228.75dp</dimen>
    <dimen name="DIMEN_367PX">229.375dp</dimen>
    <dimen name="DIMEN_368PX">230dp</dimen>
    <dimen name="DIMEN_369PX">230.625dp</dimen>
    <dimen name="DIMEN_370PX">231.25dp</dimen>
    <dimen name="DIMEN_371PX">231.875dp</dimen>
    <dimen name="DIMEN_372PX">232.5dp</dimen>
    <dimen name="DIMEN_373PX">233.125dp</dimen>
    <dimen name="DIMEN_374PX">233.75dp</dimen>
    <dimen name="DIMEN_375PX">234.375dp</dimen>
    <dimen name="DIMEN_376PX">235dp</dimen>
    <dimen name="DIMEN_377PX">235.625dp</dimen>
    <dimen name="DIMEN_378PX">236.25dp</dimen>
    <dimen name="DIMEN_379PX">236.875dp</dimen>
    <dimen name="DIMEN_380PX">237.5dp</dimen>
    <dimen name="DIMEN_381PX">238.125dp</dimen>
    <dimen name="DIMEN_382PX">238.75dp</dimen>
    <dimen name="DIMEN_383PX">239.375dp</dimen>
    <dimen name="DIMEN_384PX">240dp</dimen>
    <dimen name="DIMEN_385PX">240.625dp</dimen>
    <dimen name="DIMEN_386PX">241.25dp</dimen>
    <dimen name="DIMEN_387PX">241.875dp</dimen>
    <dimen name="DIMEN_388PX">242.5dp</dimen>
    <dimen name="DIMEN_389PX">243.125dp</dimen>
    <dimen name="DIMEN_390PX">243.75dp</dimen>
    <dimen name="DIMEN_391PX">244.375dp</dimen>
    <dimen name="DIMEN_392PX">245dp</dimen>
    <dimen name="DIMEN_393PX">245.625dp</dimen>
    <dimen name="DIMEN_394PX">246.25dp</dimen>
    <dimen name="DIMEN_395PX">246.875dp</dimen>
    <dimen name="DIMEN_396PX">247.5dp</dimen>
    <dimen name="DIMEN_397PX">248.125dp</dimen>
    <dimen name="DIMEN_398PX">248.75dp</dimen>
    <dimen name="DIMEN_399PX">249.375dp</dimen>
    <dimen name="DIMEN_400PX">250dp</dimen>
    <dimen name="DIMEN_401PX">250.625dp</dimen>
    <dimen name="DIMEN_402PX">251.25dp</dimen>
    <dimen name="DIMEN_403PX">251.875dp</dimen>
    <dimen name="DIMEN_404PX">252.5dp</dimen>
    <dimen name="DIMEN_405PX">253.125dp</dimen>
    <dimen name="DIMEN_406PX">253.75dp</dimen>
    <dimen name="DIMEN_407PX">254.375dp</dimen>
    <dimen name="DIMEN_408PX">255dp</dimen>
    <dimen name="DIMEN_409PX">255.625dp</dimen>
    <dimen name="DIMEN_410PX">256.25dp</dimen>
    <dimen name="DIMEN_411PX">256.875dp</dimen>
    <dimen name="DIMEN_412PX">257.5dp</dimen>
    <dimen name="DIMEN_413PX">258.125dp</dimen>
    <dimen name="DIMEN_414PX">258.75dp</dimen>
    <dimen name="DIMEN_415PX">259.375dp</dimen>
    <dimen name="DIMEN_416PX">260dp</dimen>
    <dimen name="DIMEN_417PX">260.625dp</dimen>
    <dimen name="DIMEN_418PX">261.25dp</dimen>
    <dimen name="DIMEN_419PX">261.875dp</dimen>
    <dimen name="DIMEN_420PX">262.5dp</dimen>
    <dimen name="DIMEN_421PX">263.125dp</dimen>
    <dimen name="DIMEN_422PX">263.75dp</dimen>
    <dimen name="DIMEN_423PX">264.375dp</dimen>
    <dimen name="DIMEN_424PX">265dp</dimen>
    <dimen name="DIMEN_425PX">265.625dp</dimen>
    <dimen name="DIMEN_426PX">266.25dp</dimen>
    <dimen name="DIMEN_427PX">266.875dp</dimen>
    <dimen name="DIMEN_428PX">267.5dp</dimen>
    <dimen name="DIMEN_429PX">268.125dp</dimen>
    <dimen name="DIMEN_430PX">268.75dp</dimen>
    <dimen name="DIMEN_431PX">269.375dp</dimen>
    <dimen name="DIMEN_432PX">270dp</dimen>
    <dimen name="DIMEN_433PX">270.625dp</dimen>
    <dimen name="DIMEN_434PX">271.25dp</dimen>
    <dimen name="DIMEN_435PX">271.875dp</dimen>
    <dimen name="DIMEN_436PX">272.5dp</dimen>
    <dimen name="DIMEN_437PX">273.125dp</dimen>
    <dimen name="DIMEN_438PX">273.75dp</dimen>
    <dimen name="DIMEN_439PX">274.375dp</dimen>
    <dimen name="DIMEN_440PX">275dp</dimen>
    <dimen name="DIMEN_441PX">275.625dp</dimen>
    <dimen name="DIMEN_442PX">276.25dp</dimen>
    <dimen name="DIMEN_443PX">276.875dp</dimen>
    <dimen name="DIMEN_444PX">277.5dp</dimen>
    <dimen name="DIMEN_445PX">278.125dp</dimen>
    <dimen name="DIMEN_446PX">278.75dp</dimen>
    <dimen name="DIMEN_447PX">279.375dp</dimen>
    <dimen name="DIMEN_448PX">280dp</dimen>
    <dimen name="DIMEN_449PX">280.625dp</dimen>
    <dimen name="DIMEN_450PX">281.25dp</dimen>
    <dimen name="DIMEN_451PX">281.875dp</dimen>
    <dimen name="DIMEN_452PX">282.5dp</dimen>
    <dimen name="DIMEN_453PX">283.125dp</dimen>
    <dimen name="DIMEN_454PX">283.75dp</dimen>
    <dimen name="DIMEN_455PX">284.375dp</dimen>
    <dimen name="DIMEN_456PX">285dp</dimen>
    <dimen name="DIMEN_457PX">285.625dp</dimen>
    <dimen name="DIMEN_458PX">286.25dp</dimen>
    <dimen name="DIMEN_459PX">286.875dp</dimen>
    <dimen name="DIMEN_460PX">287.5dp</dimen>
    <dimen name="DIMEN_461PX">288.125dp</dimen>
    <dimen name="DIMEN_462PX">288.75dp</dimen>
    <dimen name="DIMEN_463PX">289.375dp</dimen>
    <dimen name="DIMEN_464PX">290dp</dimen>
    <dimen name="DIMEN_465PX">290.625dp</dimen>
    <dimen name="DIMEN_466PX">291.25dp</dimen>
    <dimen name="DIMEN_467PX">291.875dp</dimen>
    <dimen name="DIMEN_468PX">292.5dp</dimen>
    <dimen name="DIMEN_469PX">293.125dp</dimen>
    <dimen name="DIMEN_470PX">293.75dp</dimen>
    <dimen name="DIMEN_471PX">294.375dp</dimen>
    <dimen name="DIMEN_472PX">295dp</dimen>
    <dimen name="DIMEN_473PX">295.625dp</dimen>
    <dimen name="DIMEN_474PX">296.25dp</dimen>
    <dimen name="DIMEN_475PX">296.875dp</dimen>
    <dimen name="DIMEN_476PX">297.5dp</dimen>
    <dimen name="DIMEN_477PX">298.125dp</dimen>
    <dimen name="DIMEN_478PX">298.75dp</dimen>
    <dimen name="DIMEN_479PX">299.375dp</dimen>
    <dimen name="DIMEN_480PX">300dp</dimen>
    <dimen name="DIMEN_481PX">300.625dp</dimen>
    <dimen name="DIMEN_482PX">301.25dp</dimen>
    <dimen name="DIMEN_483PX">301.875dp</dimen>
    <dimen name="DIMEN_484PX">302.5dp</dimen>
    <dimen name="DIMEN_485PX">303.125dp</dimen>
    <dimen name="DIMEN_486PX">303.75dp</dimen>
    <dimen name="DIMEN_487PX">304.375dp</dimen>
    <dimen name="DIMEN_488PX">305dp</dimen>
    <dimen name="DIMEN_489PX">305.625dp</dimen>
    <dimen name="DIMEN_490PX">306.25dp</dimen>
    <dimen name="DIMEN_491PX">306.875dp</dimen>
    <dimen name="DIMEN_492PX">307.5dp</dimen>
    <dimen name="DIMEN_493PX">308.125dp</dimen>
    <dimen name="DIMEN_494PX">308.75dp</dimen>
    <dimen name="DIMEN_495PX">309.375dp</dimen>
    <dimen name="DIMEN_496PX">310dp</dimen>
    <dimen name="DIMEN_497PX">310.625dp</dimen>
    <dimen name="DIMEN_498PX">311.25dp</dimen>
    <dimen name="DIMEN_499PX">311.875dp</dimen>
    <dimen name="DIMEN_500PX">312.5dp</dimen>
    <dimen name="DIMEN_501PX">313.125dp</dimen>
    <dimen name="DIMEN_502PX">313.75dp</dimen>
    <dimen name="DIMEN_503PX">314.375dp</dimen>
    <dimen name="DIMEN_504PX">315dp</dimen>
    <dimen name="DIMEN_505PX">315.625dp</dimen>
    <dimen name="DIMEN_506PX">316.25dp</dimen>
    <dimen name="DIMEN_507PX">316.875dp</dimen>
    <dimen name="DIMEN_508PX">317.5dp</dimen>
    <dimen name="DIMEN_509PX">318.125dp</dimen>
    <dimen name="DIMEN_510PX">318.75dp</dimen>
    <dimen name="DIMEN_511PX">319.375dp</dimen>
    <dimen name="DIMEN_512PX">320dp</dimen>
    <dimen name="DIMEN_513PX">320.625dp</dimen>
    <dimen name="DIMEN_514PX">321.25dp</dimen>
    <dimen name="DIMEN_515PX">321.875dp</dimen>
    <dimen name="DIMEN_516PX">322.5dp</dimen>
    <dimen name="DIMEN_517PX">323.125dp</dimen>
    <dimen name="DIMEN_518PX">323.75dp</dimen>
    <dimen name="DIMEN_519PX">324.375dp</dimen>
    <dimen name="DIMEN_520PX">325dp</dimen>
    <dimen name="DIMEN_521PX">325.625dp</dimen>
    <dimen name="DIMEN_522PX">326.25dp</dimen>
    <dimen name="DIMEN_523PX">326.875dp</dimen>
    <dimen name="DIMEN_524PX">327.5dp</dimen>
    <dimen name="DIMEN_525PX">328.125dp</dimen>
    <dimen name="DIMEN_526PX">328.75dp</dimen>
    <dimen name="DIMEN_527PX">329.375dp</dimen>
    <dimen name="DIMEN_528PX">330dp</dimen>
    <dimen name="DIMEN_529PX">330.625dp</dimen>
    <dimen name="DIMEN_530PX">331.25dp</dimen>
    <dimen name="DIMEN_531PX">331.875dp</dimen>
    <dimen name="DIMEN_532PX">332.5dp</dimen>
    <dimen name="DIMEN_533PX">333.125dp</dimen>
    <dimen name="DIMEN_534PX">333.75dp</dimen>
    <dimen name="DIMEN_535PX">334.375dp</dimen>
    <dimen name="DIMEN_536PX">335dp</dimen>
    <dimen name="DIMEN_537PX">335.625dp</dimen>
    <dimen name="DIMEN_538PX">336.25dp</dimen>
    <dimen name="DIMEN_539PX">336.875dp</dimen>
    <dimen name="DIMEN_540PX">337.5dp</dimen>
    <dimen name="DIMEN_541PX">338.125dp</dimen>
    <dimen name="DIMEN_542PX">338.75dp</dimen>
    <dimen name="DIMEN_543PX">339.375dp</dimen>
    <dimen name="DIMEN_544PX">340dp</dimen>
    <dimen name="DIMEN_545PX">340.625dp</dimen>
    <dimen name="DIMEN_546PX">341.25dp</dimen>
    <dimen name="DIMEN_547PX">341.875dp</dimen>
    <dimen name="DIMEN_548PX">342.5dp</dimen>
    <dimen name="DIMEN_549PX">343.125dp</dimen>
    <dimen name="DIMEN_550PX">343.75dp</dimen>
    <dimen name="DIMEN_551PX">344.375dp</dimen>
    <dimen name="DIMEN_552PX">345dp</dimen>
    <dimen name="DIMEN_553PX">345.625dp</dimen>
    <dimen name="DIMEN_554PX">346.25dp</dimen>
    <dimen name="DIMEN_555PX">346.875dp</dimen>
    <dimen name="DIMEN_556PX">347.5dp</dimen>
    <dimen name="DIMEN_557PX">348.125dp</dimen>
    <dimen name="DIMEN_558PX">348.75dp</dimen>
    <dimen name="DIMEN_559PX">349.375dp</dimen>
    <dimen name="DIMEN_560PX">350dp</dimen>
    <dimen name="DIMEN_561PX">350.625dp</dimen>
    <dimen name="DIMEN_562PX">351.25dp</dimen>
    <dimen name="DIMEN_563PX">351.875dp</dimen>
    <dimen name="DIMEN_564PX">352.5dp</dimen>
    <dimen name="DIMEN_565PX">353.125dp</dimen>
    <dimen name="DIMEN_566PX">353.75dp</dimen>
    <dimen name="DIMEN_567PX">354.375dp</dimen>
    <dimen name="DIMEN_568PX">355dp</dimen>
    <dimen name="DIMEN_569PX">355.625dp</dimen>
    <dimen name="DIMEN_570PX">356.25dp</dimen>
    <dimen name="DIMEN_571PX">356.875dp</dimen>
    <dimen name="DIMEN_572PX">357.5dp</dimen>
    <dimen name="DIMEN_573PX">358.125dp</dimen>
    <dimen name="DIMEN_574PX">358.75dp</dimen>
    <dimen name="DIMEN_575PX">359.375dp</dimen>
    <dimen name="DIMEN_576PX">360dp</dimen>
    <dimen name="DIMEN_577PX">360.625dp</dimen>
    <dimen name="DIMEN_578PX">361.25dp</dimen>
    <dimen name="DIMEN_579PX">361.875dp</dimen>
    <dimen name="DIMEN_580PX">362.5dp</dimen>
    <dimen name="DIMEN_581PX">363.125dp</dimen>
    <dimen name="DIMEN_582PX">363.75dp</dimen>
    <dimen name="DIMEN_583PX">364.375dp</dimen>
    <dimen name="DIMEN_584PX">365dp</dimen>
    <dimen name="DIMEN_585PX">365.625dp</dimen>
    <dimen name="DIMEN_586PX">366.25dp</dimen>
    <dimen name="DIMEN_587PX">366.875dp</dimen>
    <dimen name="DIMEN_588PX">367.5dp</dimen>
    <dimen name="DIMEN_589PX">368.125dp</dimen>
    <dimen name="DIMEN_590PX">368.75dp</dimen>
    <dimen name="DIMEN_591PX">369.375dp</dimen>
    <dimen name="DIMEN_592PX">370dp</dimen>
    <dimen name="DIMEN_593PX">370.625dp</dimen>
    <dimen name="DIMEN_594PX">371.25dp</dimen>
    <dimen name="DIMEN_595PX">371.875dp</dimen>
    <dimen name="DIMEN_596PX">372.5dp</dimen>
    <dimen name="DIMEN_597PX">373.125dp</dimen>
    <dimen name="DIMEN_598PX">373.75dp</dimen>
    <dimen name="DIMEN_599PX">374.375dp</dimen>
    <dimen name="DIMEN_600PX">375dp</dimen>
    <dimen name="DIMEN_601PX">375.625dp</dimen>
    <dimen name="DIMEN_602PX">376.25dp</dimen>
    <dimen name="DIMEN_603PX">376.875dp</dimen>
    <dimen name="DIMEN_604PX">377.5dp</dimen>
    <dimen name="DIMEN_605PX">378.125dp</dimen>
    <dimen name="DIMEN_606PX">378.75dp</dimen>
    <dimen name="DIMEN_607PX">379.375dp</dimen>
    <dimen name="DIMEN_608PX">380dp</dimen>
    <dimen name="DIMEN_609PX">380.625dp</dimen>
    <dimen name="DIMEN_610PX">381.25dp</dimen>
    <dimen name="DIMEN_611PX">381.875dp</dimen>
    <dimen name="DIMEN_612PX">382.5dp</dimen>
    <dimen name="DIMEN_613PX">383.125dp</dimen>
    <dimen name="DIMEN_614PX">383.75dp</dimen>
    <dimen name="DIMEN_615PX">384.375dp</dimen>
    <dimen name="DIMEN_616PX">385dp</dimen>
    <dimen name="DIMEN_617PX">385.625dp</dimen>
    <dimen name="DIMEN_618PX">386.25dp</dimen>
    <dimen name="DIMEN_619PX">386.875dp</dimen>
    <dimen name="DIMEN_620PX">387.5dp</dimen>
    <dimen name="DIMEN_621PX">388.125dp</dimen>
    <dimen name="DIMEN_622PX">388.75dp</dimen>
    <dimen name="DIMEN_623PX">389.375dp</dimen>
    <dimen name="DIMEN_624PX">390dp</dimen>
    <dimen name="DIMEN_625PX">390.625dp</dimen>
    <dimen name="DIMEN_626PX">391.25dp</dimen>
    <dimen name="DIMEN_627PX">391.875dp</dimen>
    <dimen name="DIMEN_628PX">392.5dp</dimen>
    <dimen name="DIMEN_629PX">393.125dp</dimen>
    <dimen name="DIMEN_630PX">393.75dp</dimen>
    <dimen name="DIMEN_631PX">394.375dp</dimen>
    <dimen name="DIMEN_632PX">395dp</dimen>
    <dimen name="DIMEN_633PX">395.625dp</dimen>
    <dimen name="DIMEN_634PX">396.25dp</dimen>
    <dimen name="DIMEN_635PX">396.875dp</dimen>
    <dimen name="DIMEN_636PX">397.5dp</dimen>
    <dimen name="DIMEN_637PX">398.125dp</dimen>
    <dimen name="DIMEN_638PX">398.75dp</dimen>
    <dimen name="DIMEN_639PX">399.375dp</dimen>
    <dimen name="DIMEN_640PX">400dp</dimen>
    <dimen name="DIMEN_641PX">400.625dp</dimen>
    <dimen name="DIMEN_642PX">401.25dp</dimen>
    <dimen name="DIMEN_643PX">401.875dp</dimen>
    <dimen name="DIMEN_644PX">402.5dp</dimen>
    <dimen name="DIMEN_645PX">403.125dp</dimen>
    <dimen name="DIMEN_646PX">403.75dp</dimen>
    <dimen name="DIMEN_647PX">404.375dp</dimen>
    <dimen name="DIMEN_648PX">405dp</dimen>
    <dimen name="DIMEN_649PX">405.625dp</dimen>
    <dimen name="DIMEN_650PX">406.25dp</dimen>
    <dimen name="DIMEN_651PX">406.875dp</dimen>
    <dimen name="DIMEN_652PX">407.5dp</dimen>
    <dimen name="DIMEN_653PX">408.125dp</dimen>
    <dimen name="DIMEN_654PX">408.75dp</dimen>
    <dimen name="DIMEN_655PX">409.375dp</dimen>
    <dimen name="DIMEN_656PX">410dp</dimen>
    <dimen name="DIMEN_657PX">410.625dp</dimen>
    <dimen name="DIMEN_658PX">411.25dp</dimen>
    <dimen name="DIMEN_659PX">411.875dp</dimen>
    <dimen name="DIMEN_660PX">412.5dp</dimen>
    <dimen name="DIMEN_661PX">413.125dp</dimen>
    <dimen name="DIMEN_662PX">413.75dp</dimen>
    <dimen name="DIMEN_663PX">414.375dp</dimen>
    <dimen name="DIMEN_664PX">415dp</dimen>
    <dimen name="DIMEN_665PX">415.625dp</dimen>
    <dimen name="DIMEN_666PX">416.25dp</dimen>
    <dimen name="DIMEN_667PX">416.875dp</dimen>
    <dimen name="DIMEN_668PX">417.5dp</dimen>
    <dimen name="DIMEN_669PX">418.125dp</dimen>
    <dimen name="DIMEN_670PX">418.75dp</dimen>
    <dimen name="DIMEN_671PX">419.375dp</dimen>
    <dimen name="DIMEN_672PX">420dp</dimen>
    <dimen name="DIMEN_673PX">420.625dp</dimen>
    <dimen name="DIMEN_674PX">421.25dp</dimen>
    <dimen name="DIMEN_675PX">421.875dp</dimen>
    <dimen name="DIMEN_676PX">422.5dp</dimen>
    <dimen name="DIMEN_677PX">423.125dp</dimen>
    <dimen name="DIMEN_678PX">423.75dp</dimen>
    <dimen name="DIMEN_679PX">424.375dp</dimen>
    <dimen name="DIMEN_680PX">425dp</dimen>
    <dimen name="DIMEN_681PX">425.625dp</dimen>
    <dimen name="DIMEN_682PX">426.25dp</dimen>
    <dimen name="DIMEN_683PX">426.875dp</dimen>
    <dimen name="DIMEN_684PX">427.5dp</dimen>
    <dimen name="DIMEN_685PX">428.125dp</dimen>
    <dimen name="DIMEN_686PX">428.75dp</dimen>
    <dimen name="DIMEN_687PX">429.375dp</dimen>
    <dimen name="DIMEN_688PX">430dp</dimen>
    <dimen name="DIMEN_689PX">430.625dp</dimen>
    <dimen name="DIMEN_690PX">431.25dp</dimen>
    <dimen name="DIMEN_691PX">431.875dp</dimen>
    <dimen name="DIMEN_692PX">432.5dp</dimen>
    <dimen name="DIMEN_693PX">433.125dp</dimen>
    <dimen name="DIMEN_694PX">433.75dp</dimen>
    <dimen name="DIMEN_695PX">434.375dp</dimen>
    <dimen name="DIMEN_696PX">435dp</dimen>
    <dimen name="DIMEN_697PX">435.625dp</dimen>
    <dimen name="DIMEN_698PX">436.25dp</dimen>
    <dimen name="DIMEN_699PX">436.875dp</dimen>
    <dimen name="DIMEN_700PX">437.5dp</dimen>
    <dimen name="DIMEN_701PX">438.125dp</dimen>
    <dimen name="DIMEN_702PX">438.75dp</dimen>
    <dimen name="DIMEN_703PX">439.375dp</dimen>
    <dimen name="DIMEN_704PX">440dp</dimen>
    <dimen name="DIMEN_705PX">440.625dp</dimen>
    <dimen name="DIMEN_706PX">441.25dp</dimen>
    <dimen name="DIMEN_707PX">441.875dp</dimen>
    <dimen name="DIMEN_708PX">442.5dp</dimen>
    <dimen name="DIMEN_709PX">443.125dp</dimen>
    <dimen name="DIMEN_710PX">443.75dp</dimen>
    <dimen name="DIMEN_711PX">444.375dp</dimen>
    <dimen name="DIMEN_712PX">445dp</dimen>
    <dimen name="DIMEN_713PX">445.625dp</dimen>
    <dimen name="DIMEN_714PX">446.25dp</dimen>
    <dimen name="DIMEN_715PX">446.875dp</dimen>
    <dimen name="DIMEN_716PX">447.5dp</dimen>
    <dimen name="DIMEN_717PX">448.125dp</dimen>
    <dimen name="DIMEN_718PX">448.75dp</dimen>
    <dimen name="DIMEN_719PX">449.375dp</dimen>
    <dimen name="DIMEN_720PX">450dp</dimen>
    <dimen name="DIMEN_721PX">450.625dp</dimen>
    <dimen name="DIMEN_722PX">451.25dp</dimen>
    <dimen name="DIMEN_723PX">451.875dp</dimen>
    <dimen name="DIMEN_724PX">452.5dp</dimen>
    <dimen name="DIMEN_725PX">453.125dp</dimen>
    <dimen name="DIMEN_726PX">453.75dp</dimen>
    <dimen name="DIMEN_727PX">454.375dp</dimen>
    <dimen name="DIMEN_728PX">455dp</dimen>
    <dimen name="DIMEN_729PX">455.625dp</dimen>
    <dimen name="DIMEN_730PX">456.25dp</dimen>
    <dimen name="DIMEN_731PX">456.875dp</dimen>
    <dimen name="DIMEN_732PX">457.5dp</dimen>
    <dimen name="DIMEN_733PX">458.125dp</dimen>
    <dimen name="DIMEN_734PX">458.75dp</dimen>
    <dimen name="DIMEN_735PX">459.375dp</dimen>
    <dimen name="DIMEN_736PX">460dp</dimen>
    <dimen name="DIMEN_737PX">460.625dp</dimen>
    <dimen name="DIMEN_738PX">461.25dp</dimen>
    <dimen name="DIMEN_739PX">461.875dp</dimen>
    <dimen name="DIMEN_740PX">462.5dp</dimen>
    <dimen name="DIMEN_741PX">463.125dp</dimen>
    <dimen name="DIMEN_742PX">463.75dp</dimen>
    <dimen name="DIMEN_743PX">464.375dp</dimen>
    <dimen name="DIMEN_744PX">465dp</dimen>
    <dimen name="DIMEN_745PX">465.625dp</dimen>
    <dimen name="DIMEN_746PX">466.25dp</dimen>
    <dimen name="DIMEN_747PX">466.875dp</dimen>
    <dimen name="DIMEN_748PX">467.5dp</dimen>
    <dimen name="DIMEN_749PX">468.125dp</dimen>
    <dimen name="DIMEN_750PX">468.75dp</dimen>
    <dimen name="DIMEN_751PX">469.375dp</dimen>
    <dimen name="DIMEN_752PX">470dp</dimen>
    <dimen name="DIMEN_753PX">470.625dp</dimen>
    <dimen name="DIMEN_754PX">471.25dp</dimen>
    <dimen name="DIMEN_755PX">471.875dp</dimen>
    <dimen name="DIMEN_756PX">472.5dp</dimen>
    <dimen name="DIMEN_757PX">473.125dp</dimen>
    <dimen name="DIMEN_758PX">473.75dp</dimen>
    <dimen name="DIMEN_759PX">474.375dp</dimen>
    <dimen name="DIMEN_760PX">475dp</dimen>
    <dimen name="DIMEN_761PX">475.625dp</dimen>
    <dimen name="DIMEN_762PX">476.25dp</dimen>
    <dimen name="DIMEN_763PX">476.875dp</dimen>
    <dimen name="DIMEN_764PX">477.5dp</dimen>
    <dimen name="DIMEN_765PX">478.125dp</dimen>
    <dimen name="DIMEN_766PX">478.75dp</dimen>
    <dimen name="DIMEN_767PX">479.375dp</dimen>
    <dimen name="DIMEN_768PX">480dp</dimen>
    <dimen name="DIMEN_769PX">480.625dp</dimen>
    <dimen name="DIMEN_770PX">481.25dp</dimen>
    <dimen name="DIMEN_771PX">481.875dp</dimen>
    <dimen name="DIMEN_772PX">482.5dp</dimen>
    <dimen name="DIMEN_773PX">483.125dp</dimen>
    <dimen name="DIMEN_774PX">483.75dp</dimen>
    <dimen name="DIMEN_775PX">484.375dp</dimen>
    <dimen name="DIMEN_776PX">485dp</dimen>
    <dimen name="DIMEN_777PX">485.625dp</dimen>
    <dimen name="DIMEN_778PX">486.25dp</dimen>
    <dimen name="DIMEN_779PX">486.875dp</dimen>
    <dimen name="DIMEN_780PX">487.5dp</dimen>
    <dimen name="DIMEN_781PX">488.125dp</dimen>
    <dimen name="DIMEN_782PX">488.75dp</dimen>
    <dimen name="DIMEN_783PX">489.375dp</dimen>
    <dimen name="DIMEN_784PX">490dp</dimen>
    <dimen name="DIMEN_785PX">490.625dp</dimen>
    <dimen name="DIMEN_786PX">491.25dp</dimen>
    <dimen name="DIMEN_787PX">491.875dp</dimen>
    <dimen name="DIMEN_788PX">492.5dp</dimen>
    <dimen name="DIMEN_789PX">493.125dp</dimen>
    <dimen name="DIMEN_790PX">493.75dp</dimen>
    <dimen name="DIMEN_791PX">494.375dp</dimen>
    <dimen name="DIMEN_792PX">495dp</dimen>
    <dimen name="DIMEN_793PX">495.625dp</dimen>
    <dimen name="DIMEN_794PX">496.25dp</dimen>
    <dimen name="DIMEN_795PX">496.875dp</dimen>
    <dimen name="DIMEN_796PX">497.5dp</dimen>
    <dimen name="DIMEN_797PX">498.125dp</dimen>
    <dimen name="DIMEN_798PX">498.75dp</dimen>
    <dimen name="DIMEN_799PX">499.375dp</dimen>
    <dimen name="DIMEN_800PX">500dp</dimen>
    <dimen name="DIMEN_801PX">500.625dp</dimen>
    <dimen name="DIMEN_802PX">501.25dp</dimen>
    <dimen name="DIMEN_803PX">501.875dp</dimen>
    <dimen name="DIMEN_804PX">502.5dp</dimen>
    <dimen name="DIMEN_805PX">503.125dp</dimen>
    <dimen name="DIMEN_806PX">503.75dp</dimen>
    <dimen name="DIMEN_807PX">504.375dp</dimen>
    <dimen name="DIMEN_808PX">505dp</dimen>
    <dimen name="DIMEN_809PX">505.625dp</dimen>
    <dimen name="DIMEN_810PX">506.25dp</dimen>
    <dimen name="DIMEN_811PX">506.875dp</dimen>
    <dimen name="DIMEN_812PX">507.5dp</dimen>
    <dimen name="DIMEN_813PX">508.125dp</dimen>
    <dimen name="DIMEN_814PX">508.75dp</dimen>
    <dimen name="DIMEN_815PX">509.375dp</dimen>
    <dimen name="DIMEN_816PX">510dp</dimen>
    <dimen name="DIMEN_817PX">510.625dp</dimen>
    <dimen name="DIMEN_818PX">511.25dp</dimen>
    <dimen name="DIMEN_819PX">511.875dp</dimen>
    <dimen name="DIMEN_820PX">512.5dp</dimen>
    <dimen name="DIMEN_821PX">513.125dp</dimen>
    <dimen name="DIMEN_822PX">513.75dp</dimen>
    <dimen name="DIMEN_823PX">514.375dp</dimen>
    <dimen name="DIMEN_824PX">515dp</dimen>
    <dimen name="DIMEN_825PX">515.625dp</dimen>
    <dimen name="DIMEN_826PX">516.25dp</dimen>
    <dimen name="DIMEN_827PX">516.875dp</dimen>
    <dimen name="DIMEN_828PX">517.5dp</dimen>
    <dimen name="DIMEN_829PX">518.125dp</dimen>
    <dimen name="DIMEN_830PX">518.75dp</dimen>
    <dimen name="DIMEN_831PX">519.375dp</dimen>
    <dimen name="DIMEN_832PX">520dp</dimen>
    <dimen name="DIMEN_833PX">520.625dp</dimen>
    <dimen name="DIMEN_834PX">521.25dp</dimen>
    <dimen name="DIMEN_835PX">521.875dp</dimen>
    <dimen name="DIMEN_836PX">522.5dp</dimen>
    <dimen name="DIMEN_837PX">523.125dp</dimen>
    <dimen name="DIMEN_838PX">523.75dp</dimen>
    <dimen name="DIMEN_839PX">524.375dp</dimen>
    <dimen name="DIMEN_840PX">525dp</dimen>
    <dimen name="DIMEN_841PX">525.625dp</dimen>
    <dimen name="DIMEN_842PX">526.25dp</dimen>
    <dimen name="DIMEN_843PX">526.875dp</dimen>
    <dimen name="DIMEN_844PX">527.5dp</dimen>
    <dimen name="DIMEN_845PX">528.125dp</dimen>
    <dimen name="DIMEN_846PX">528.75dp</dimen>
    <dimen name="DIMEN_847PX">529.375dp</dimen>
    <dimen name="DIMEN_848PX">530dp</dimen>
    <dimen name="DIMEN_849PX">530.625dp</dimen>
    <dimen name="DIMEN_850PX">531.25dp</dimen>
    <dimen name="DIMEN_851PX">531.875dp</dimen>
    <dimen name="DIMEN_852PX">532.5dp</dimen>
    <dimen name="DIMEN_853PX">533.125dp</dimen>
    <dimen name="DIMEN_854PX">533.75dp</dimen>
    <dimen name="DIMEN_855PX">534.375dp</dimen>
    <dimen name="DIMEN_856PX">535dp</dimen>
    <dimen name="DIMEN_857PX">535.625dp</dimen>
    <dimen name="DIMEN_858PX">536.25dp</dimen>
    <dimen name="DIMEN_859PX">536.875dp</dimen>
    <dimen name="DIMEN_860PX">537.5dp</dimen>
    <dimen name="DIMEN_861PX">538.125dp</dimen>
    <dimen name="DIMEN_862PX">538.75dp</dimen>
    <dimen name="DIMEN_863PX">539.375dp</dimen>
    <dimen name="DIMEN_864PX">540dp</dimen>
    <dimen name="DIMEN_865PX">540.625dp</dimen>
    <dimen name="DIMEN_866PX">541.25dp</dimen>
    <dimen name="DIMEN_867PX">541.875dp</dimen>
    <dimen name="DIMEN_868PX">542.5dp</dimen>
    <dimen name="DIMEN_869PX">543.125dp</dimen>
    <dimen name="DIMEN_870PX">543.75dp</dimen>
    <dimen name="DIMEN_871PX">544.375dp</dimen>
    <dimen name="DIMEN_872PX">545dp</dimen>
    <dimen name="DIMEN_873PX">545.625dp</dimen>
    <dimen name="DIMEN_874PX">546.25dp</dimen>
    <dimen name="DIMEN_875PX">546.875dp</dimen>
    <dimen name="DIMEN_876PX">547.5dp</dimen>
    <dimen name="DIMEN_877PX">548.125dp</dimen>
    <dimen name="DIMEN_878PX">548.75dp</dimen>
    <dimen name="DIMEN_879PX">549.375dp</dimen>
    <dimen name="DIMEN_880PX">550dp</dimen>
    <dimen name="DIMEN_881PX">550.625dp</dimen>
    <dimen name="DIMEN_882PX">551.25dp</dimen>
    <dimen name="DIMEN_883PX">551.875dp</dimen>
    <dimen name="DIMEN_884PX">552.5dp</dimen>
    <dimen name="DIMEN_885PX">553.125dp</dimen>
    <dimen name="DIMEN_886PX">553.75dp</dimen>
    <dimen name="DIMEN_887PX">554.375dp</dimen>
    <dimen name="DIMEN_888PX">555dp</dimen>
    <dimen name="DIMEN_889PX">555.625dp</dimen>
    <dimen name="DIMEN_890PX">556.25dp</dimen>
    <dimen name="DIMEN_891PX">556.875dp</dimen>
    <dimen name="DIMEN_892PX">557.5dp</dimen>
    <dimen name="DIMEN_893PX">558.125dp</dimen>
    <dimen name="DIMEN_894PX">558.75dp</dimen>
    <dimen name="DIMEN_895PX">559.375dp</dimen>
    <dimen name="DIMEN_896PX">560dp</dimen>
    <dimen name="DIMEN_897PX">560.625dp</dimen>
    <dimen name="DIMEN_898PX">561.25dp</dimen>
    <dimen name="DIMEN_899PX">561.875dp</dimen>
    <dimen name="DIMEN_900PX">562.5dp</dimen>
    <dimen name="DIMEN_901PX">563.125dp</dimen>
    <dimen name="DIMEN_902PX">563.75dp</dimen>
    <dimen name="DIMEN_903PX">564.375dp</dimen>
    <dimen name="DIMEN_904PX">565dp</dimen>
    <dimen name="DIMEN_905PX">565.625dp</dimen>
    <dimen name="DIMEN_906PX">566.25dp</dimen>
    <dimen name="DIMEN_907PX">566.875dp</dimen>
    <dimen name="DIMEN_908PX">567.5dp</dimen>
    <dimen name="DIMEN_909PX">568.125dp</dimen>
    <dimen name="DIMEN_910PX">568.75dp</dimen>
    <dimen name="DIMEN_911PX">569.375dp</dimen>
    <dimen name="DIMEN_912PX">570dp</dimen>
    <dimen name="DIMEN_913PX">570.625dp</dimen>
    <dimen name="DIMEN_914PX">571.25dp</dimen>
    <dimen name="DIMEN_915PX">571.875dp</dimen>
    <dimen name="DIMEN_916PX">572.5dp</dimen>
    <dimen name="DIMEN_917PX">573.125dp</dimen>
    <dimen name="DIMEN_918PX">573.75dp</dimen>
    <dimen name="DIMEN_919PX">574.375dp</dimen>
    <dimen name="DIMEN_920PX">575dp</dimen>
    <dimen name="DIMEN_921PX">575.625dp</dimen>
    <dimen name="DIMEN_922PX">576.25dp</dimen>
    <dimen name="DIMEN_923PX">576.875dp</dimen>
    <dimen name="DIMEN_924PX">577.5dp</dimen>
    <dimen name="DIMEN_925PX">578.125dp</dimen>
    <dimen name="DIMEN_926PX">578.75dp</dimen>
    <dimen name="DIMEN_927PX">579.375dp</dimen>
    <dimen name="DIMEN_928PX">580dp</dimen>
    <dimen name="DIMEN_929PX">580.625dp</dimen>
    <dimen name="DIMEN_930PX">581.25dp</dimen>
    <dimen name="DIMEN_931PX">581.875dp</dimen>
    <dimen name="DIMEN_932PX">582.5dp</dimen>
    <dimen name="DIMEN_933PX">583.125dp</dimen>
    <dimen name="DIMEN_934PX">583.75dp</dimen>
    <dimen name="DIMEN_935PX">584.375dp</dimen>
    <dimen name="DIMEN_936PX">585dp</dimen>
    <dimen name="DIMEN_937PX">585.625dp</dimen>
    <dimen name="DIMEN_938PX">586.25dp</dimen>
    <dimen name="DIMEN_939PX">586.875dp</dimen>
    <dimen name="DIMEN_940PX">587.5dp</dimen>
    <dimen name="DIMEN_941PX">588.125dp</dimen>
    <dimen name="DIMEN_942PX">588.75dp</dimen>
    <dimen name="DIMEN_943PX">589.375dp</dimen>
    <dimen name="DIMEN_944PX">590dp</dimen>
    <dimen name="DIMEN_945PX">590.625dp</dimen>
    <dimen name="DIMEN_946PX">591.25dp</dimen>
    <dimen name="DIMEN_947PX">591.875dp</dimen>
    <dimen name="DIMEN_948PX">592.5dp</dimen>
    <dimen name="DIMEN_949PX">593.125dp</dimen>
    <dimen name="DIMEN_950PX">593.75dp</dimen>
    <dimen name="DIMEN_951PX">594.375dp</dimen>
    <dimen name="DIMEN_952PX">595dp</dimen>
    <dimen name="DIMEN_953PX">595.625dp</dimen>
    <dimen name="DIMEN_954PX">596.25dp</dimen>
    <dimen name="DIMEN_955PX">596.875dp</dimen>
    <dimen name="DIMEN_956PX">597.5dp</dimen>
    <dimen name="DIMEN_957PX">598.125dp</dimen>
    <dimen name="DIMEN_958PX">598.75dp</dimen>
    <dimen name="DIMEN_959PX">599.375dp</dimen>
    <dimen name="DIMEN_960PX">600dp</dimen>
    <dimen name="DIMEN_961PX">600.625dp</dimen>
    <dimen name="DIMEN_962PX">601.25dp</dimen>
    <dimen name="DIMEN_963PX">601.875dp</dimen>
    <dimen name="DIMEN_964PX">602.5dp</dimen>
    <dimen name="DIMEN_965PX">603.125dp</dimen>
    <dimen name="DIMEN_966PX">603.75dp</dimen>
    <dimen name="DIMEN_967PX">604.375dp</dimen>
    <dimen name="DIMEN_968PX">605dp</dimen>
    <dimen name="DIMEN_969PX">605.625dp</dimen>
    <dimen name="DIMEN_970PX">606.25dp</dimen>
    <dimen name="DIMEN_971PX">606.875dp</dimen>
    <dimen name="DIMEN_972PX">607.5dp</dimen>
    <dimen name="DIMEN_973PX">608.125dp</dimen>
    <dimen name="DIMEN_974PX">608.75dp</dimen>
    <dimen name="DIMEN_975PX">609.375dp</dimen>
    <dimen name="DIMEN_976PX">610dp</dimen>
    <dimen name="DIMEN_977PX">610.625dp</dimen>
    <dimen name="DIMEN_978PX">611.25dp</dimen>
    <dimen name="DIMEN_979PX">611.875dp</dimen>
    <dimen name="DIMEN_980PX">612.5dp</dimen>
    <dimen name="DIMEN_981PX">613.125dp</dimen>
    <dimen name="DIMEN_982PX">613.75dp</dimen>
    <dimen name="DIMEN_983PX">614.375dp</dimen>
    <dimen name="DIMEN_984PX">615dp</dimen>
    <dimen name="DIMEN_985PX">615.625dp</dimen>
    <dimen name="DIMEN_986PX">616.25dp</dimen>
    <dimen name="DIMEN_987PX">616.875dp</dimen>
    <dimen name="DIMEN_988PX">617.5dp</dimen>
    <dimen name="DIMEN_989PX">618.125dp</dimen>
    <dimen name="DIMEN_990PX">618.75dp</dimen>
    <dimen name="DIMEN_991PX">619.375dp</dimen>
    <dimen name="DIMEN_992PX">620dp</dimen>
    <dimen name="DIMEN_993PX">620.625dp</dimen>
    <dimen name="DIMEN_994PX">621.25dp</dimen>
    <dimen name="DIMEN_995PX">621.875dp</dimen>
    <dimen name="DIMEN_996PX">622.5dp</dimen>
    <dimen name="DIMEN_997PX">623.125dp</dimen>
    <dimen name="DIMEN_998PX">623.75dp</dimen>
    <dimen name="DIMEN_999PX">624.375dp</dimen>
    <dimen name="DIMEN_1000PX">625dp</dimen>
    <dimen name="DIMEN_1001PX">625.625dp</dimen>
    <dimen name="DIMEN_1002PX">626.25dp</dimen>
    <dimen name="DIMEN_1003PX">626.875dp</dimen>
    <dimen name="DIMEN_1004PX">627.5dp</dimen>
    <dimen name="DIMEN_1005PX">628.125dp</dimen>
    <dimen name="DIMEN_1006PX">628.75dp</dimen>
    <dimen name="DIMEN_1007PX">629.375dp</dimen>
    <dimen name="DIMEN_1008PX">630dp</dimen>
    <dimen name="DIMEN_1009PX">630.625dp</dimen>
    <dimen name="DIMEN_1010PX">631.25dp</dimen>
    <dimen name="DIMEN_1011PX">631.875dp</dimen>
    <dimen name="DIMEN_1012PX">632.5dp</dimen>
    <dimen name="DIMEN_1013PX">633.125dp</dimen>
    <dimen name="DIMEN_1014PX">633.75dp</dimen>
    <dimen name="DIMEN_1015PX">634.375dp</dimen>
    <dimen name="DIMEN_1016PX">635dp</dimen>
    <dimen name="DIMEN_1017PX">635.625dp</dimen>
    <dimen name="DIMEN_1018PX">636.25dp</dimen>
    <dimen name="DIMEN_1019PX">636.875dp</dimen>
    <dimen name="DIMEN_1020PX">637.5dp</dimen>
    <dimen name="DIMEN_1021PX">638.125dp</dimen>
    <dimen name="DIMEN_1022PX">638.75dp</dimen>
    <dimen name="DIMEN_1023PX">639.375dp</dimen>
    <dimen name="DIMEN_1024PX">640dp</dimen>
    <dimen name="DIMEN_1025PX">640.625dp</dimen>
    <dimen name="DIMEN_1026PX">641.25dp</dimen>
    <dimen name="DIMEN_1027PX">641.875dp</dimen>
    <dimen name="DIMEN_1028PX">642.5dp</dimen>
    <dimen name="DIMEN_1029PX">643.125dp</dimen>
    <dimen name="DIMEN_1030PX">643.75dp</dimen>
    <dimen name="DIMEN_1031PX">644.375dp</dimen>
    <dimen name="DIMEN_1032PX">645dp</dimen>
    <dimen name="DIMEN_1033PX">645.625dp</dimen>
    <dimen name="DIMEN_1034PX">646.25dp</dimen>
    <dimen name="DIMEN_1035PX">646.875dp</dimen>
    <dimen name="DIMEN_1036PX">647.5dp</dimen>
    <dimen name="DIMEN_1037PX">648.125dp</dimen>
    <dimen name="DIMEN_1038PX">648.75dp</dimen>
    <dimen name="DIMEN_1039PX">649.375dp</dimen>
    <dimen name="DIMEN_1040PX">650dp</dimen>
    <dimen name="DIMEN_1041PX">650.625dp</dimen>
    <dimen name="DIMEN_1042PX">651.25dp</dimen>
    <dimen name="DIMEN_1043PX">651.875dp</dimen>
    <dimen name="DIMEN_1044PX">652.5dp</dimen>
    <dimen name="DIMEN_1045PX">653.125dp</dimen>
    <dimen name="DIMEN_1046PX">653.75dp</dimen>
    <dimen name="DIMEN_1047PX">654.375dp</dimen>
    <dimen name="DIMEN_1048PX">655dp</dimen>
    <dimen name="DIMEN_1049PX">655.625dp</dimen>
    <dimen name="DIMEN_1050PX">656.25dp</dimen>
    <dimen name="DIMEN_1051PX">656.875dp</dimen>
    <dimen name="DIMEN_1052PX">657.5dp</dimen>
    <dimen name="DIMEN_1053PX">658.125dp</dimen>
    <dimen name="DIMEN_1054PX">658.75dp</dimen>
    <dimen name="DIMEN_1055PX">659.375dp</dimen>
    <dimen name="DIMEN_1056PX">660dp</dimen>
    <dimen name="DIMEN_1057PX">660.625dp</dimen>
    <dimen name="DIMEN_1058PX">661.25dp</dimen>
    <dimen name="DIMEN_1059PX">661.875dp</dimen>
    <dimen name="DIMEN_1060PX">662.5dp</dimen>
    <dimen name="DIMEN_1061PX">663.125dp</dimen>
    <dimen name="DIMEN_1062PX">663.75dp</dimen>
    <dimen name="DIMEN_1063PX">664.375dp</dimen>
    <dimen name="DIMEN_1064PX">665dp</dimen>
    <dimen name="DIMEN_1065PX">665.625dp</dimen>
    <dimen name="DIMEN_1066PX">666.25dp</dimen>
    <dimen name="DIMEN_1067PX">666.875dp</dimen>
    <dimen name="DIMEN_1068PX">667.5dp</dimen>
    <dimen name="DIMEN_1069PX">668.125dp</dimen>
    <dimen name="DIMEN_1070PX">668.75dp</dimen>
    <dimen name="DIMEN_1071PX">669.375dp</dimen>
    <dimen name="DIMEN_1072PX">670dp</dimen>
    <dimen name="DIMEN_1073PX">670.625dp</dimen>
    <dimen name="DIMEN_1074PX">671.25dp</dimen>
    <dimen name="DIMEN_1075PX">671.875dp</dimen>
    <dimen name="DIMEN_1076PX">672.5dp</dimen>
    <dimen name="DIMEN_1077PX">673.125dp</dimen>
    <dimen name="DIMEN_1078PX">673.75dp</dimen>
    <dimen name="DIMEN_1079PX">674.375dp</dimen>
    <dimen name="DIMEN_1080PX">675dp</dimen>
    <dimen name="DIMEN_1081PX">675.625dp</dimen>
    <dimen name="DIMEN_1082PX">676.25dp</dimen>
    <dimen name="DIMEN_1083PX">676.875dp</dimen>
    <dimen name="DIMEN_1084PX">677.5dp</dimen>
    <dimen name="DIMEN_1085PX">678.125dp</dimen>
    <dimen name="DIMEN_1086PX">678.75dp</dimen>
    <dimen name="DIMEN_1087PX">679.375dp</dimen>
    <dimen name="DIMEN_1088PX">680dp</dimen>
    <dimen name="DIMEN_1089PX">680.625dp</dimen>
    <dimen name="DIMEN_1090PX">681.25dp</dimen>
    <dimen name="DIMEN_1091PX">681.875dp</dimen>
    <dimen name="DIMEN_1092PX">682.5dp</dimen>
    <dimen name="DIMEN_1093PX">683.125dp</dimen>
    <dimen name="DIMEN_1094PX">683.75dp</dimen>
    <dimen name="DIMEN_1095PX">684.375dp</dimen>
    <dimen name="DIMEN_1096PX">685dp</dimen>
    <dimen name="DIMEN_1097PX">685.625dp</dimen>
    <dimen name="DIMEN_1098PX">686.25dp</dimen>
    <dimen name="DIMEN_1099PX">686.875dp</dimen>
    <dimen name="DIMEN_1100PX">687.5dp</dimen>
    <dimen name="DIMEN_1101PX">688.125dp</dimen>
    <dimen name="DIMEN_1102PX">688.75dp</dimen>
    <dimen name="DIMEN_1103PX">689.375dp</dimen>
    <dimen name="DIMEN_1104PX">690dp</dimen>
    <dimen name="DIMEN_1105PX">690.625dp</dimen>
    <dimen name="DIMEN_1106PX">691.25dp</dimen>
    <dimen name="DIMEN_1107PX">691.875dp</dimen>
    <dimen name="DIMEN_1108PX">692.5dp</dimen>
    <dimen name="DIMEN_1109PX">693.125dp</dimen>
    <dimen name="DIMEN_1110PX">693.75dp</dimen>
    <dimen name="DIMEN_1111PX">694.375dp</dimen>
    <dimen name="DIMEN_1112PX">695dp</dimen>
    <dimen name="DIMEN_1113PX">695.625dp</dimen>
    <dimen name="DIMEN_1114PX">696.25dp</dimen>
    <dimen name="DIMEN_1115PX">696.875dp</dimen>
    <dimen name="DIMEN_1116PX">697.5dp</dimen>
    <dimen name="DIMEN_1117PX">698.125dp</dimen>
    <dimen name="DIMEN_1118PX">698.75dp</dimen>
    <dimen name="DIMEN_1119PX">699.375dp</dimen>
    <dimen name="DIMEN_1120PX">700dp</dimen>
    <dimen name="DIMEN_1121PX">700.625dp</dimen>
    <dimen name="DIMEN_1122PX">701.25dp</dimen>
    <dimen name="DIMEN_1123PX">701.875dp</dimen>
    <dimen name="DIMEN_1124PX">702.5dp</dimen>
    <dimen name="DIMEN_1125PX">703.125dp</dimen>
    <dimen name="DIMEN_1126PX">703.75dp</dimen>
    <dimen name="DIMEN_1127PX">704.375dp</dimen>
    <dimen name="DIMEN_1128PX">705dp</dimen>
    <dimen name="DIMEN_1129PX">705.625dp</dimen>
    <dimen name="DIMEN_1130PX">706.25dp</dimen>
    <dimen name="DIMEN_1131PX">706.875dp</dimen>
    <dimen name="DIMEN_1132PX">707.5dp</dimen>
    <dimen name="DIMEN_1133PX">708.125dp</dimen>
    <dimen name="DIMEN_1134PX">708.75dp</dimen>
    <dimen name="DIMEN_1135PX">709.375dp</dimen>
    <dimen name="DIMEN_1136PX">710dp</dimen>
    <dimen name="DIMEN_1137PX">710.625dp</dimen>
    <dimen name="DIMEN_1138PX">711.25dp</dimen>
    <dimen name="DIMEN_1139PX">711.875dp</dimen>
    <dimen name="DIMEN_1140PX">712.5dp</dimen>
    <dimen name="DIMEN_1141PX">713.125dp</dimen>
    <dimen name="DIMEN_1142PX">713.75dp</dimen>
    <dimen name="DIMEN_1143PX">714.375dp</dimen>
    <dimen name="DIMEN_1144PX">715dp</dimen>
    <dimen name="DIMEN_1145PX">715.625dp</dimen>
    <dimen name="DIMEN_1146PX">716.25dp</dimen>
    <dimen name="DIMEN_1147PX">716.875dp</dimen>
    <dimen name="DIMEN_1148PX">717.5dp</dimen>
    <dimen name="DIMEN_1149PX">718.125dp</dimen>
    <dimen name="DIMEN_1150PX">718.75dp</dimen>
    <dimen name="DIMEN_1151PX">719.375dp</dimen>
    <dimen name="DIMEN_1152PX">720dp</dimen>
    <dimen name="DIMEN_1153PX">720.625dp</dimen>
    <dimen name="DIMEN_1154PX">721.25dp</dimen>
    <dimen name="DIMEN_1155PX">721.875dp</dimen>
    <dimen name="DIMEN_1156PX">722.5dp</dimen>
    <dimen name="DIMEN_1157PX">723.125dp</dimen>
    <dimen name="DIMEN_1158PX">723.75dp</dimen>
    <dimen name="DIMEN_1159PX">724.375dp</dimen>
    <dimen name="DIMEN_1160PX">725dp</dimen>
    <dimen name="DIMEN_1161PX">725.625dp</dimen>
    <dimen name="DIMEN_1162PX">726.25dp</dimen>
    <dimen name="DIMEN_1163PX">726.875dp</dimen>
    <dimen name="DIMEN_1164PX">727.5dp</dimen>
    <dimen name="DIMEN_1165PX">728.125dp</dimen>
    <dimen name="DIMEN_1166PX">728.75dp</dimen>
    <dimen name="DIMEN_1167PX">729.375dp</dimen>
    <dimen name="DIMEN_1168PX">730dp</dimen>
    <dimen name="DIMEN_1169PX">730.625dp</dimen>
    <dimen name="DIMEN_1170PX">731.25dp</dimen>
    <dimen name="DIMEN_1171PX">731.875dp</dimen>
    <dimen name="DIMEN_1172PX">732.5dp</dimen>
    <dimen name="DIMEN_1173PX">733.125dp</dimen>
    <dimen name="DIMEN_1174PX">733.75dp</dimen>
    <dimen name="DIMEN_1175PX">734.375dp</dimen>
    <dimen name="DIMEN_1176PX">735dp</dimen>
    <dimen name="DIMEN_1177PX">735.625dp</dimen>
    <dimen name="DIMEN_1178PX">736.25dp</dimen>
    <dimen name="DIMEN_1179PX">736.875dp</dimen>
    <dimen name="DIMEN_1180PX">737.5dp</dimen>
    <dimen name="DIMEN_1181PX">738.125dp</dimen>
    <dimen name="DIMEN_1182PX">738.75dp</dimen>
    <dimen name="DIMEN_1183PX">739.375dp</dimen>
    <dimen name="DIMEN_1184PX">740dp</dimen>
    <dimen name="DIMEN_1185PX">740.625dp</dimen>
    <dimen name="DIMEN_1186PX">741.25dp</dimen>
    <dimen name="DIMEN_1187PX">741.875dp</dimen>
    <dimen name="DIMEN_1188PX">742.5dp</dimen>
    <dimen name="DIMEN_1189PX">743.125dp</dimen>
    <dimen name="DIMEN_1190PX">743.75dp</dimen>
    <dimen name="DIMEN_1191PX">744.375dp</dimen>
    <dimen name="DIMEN_1192PX">745dp</dimen>
    <dimen name="DIMEN_1193PX">745.625dp</dimen>
    <dimen name="DIMEN_1194PX">746.25dp</dimen>
    <dimen name="DIMEN_1195PX">746.875dp</dimen>
    <dimen name="DIMEN_1196PX">747.5dp</dimen>
    <dimen name="DIMEN_1197PX">748.125dp</dimen>
    <dimen name="DIMEN_1198PX">748.75dp</dimen>
    <dimen name="DIMEN_1199PX">749.375dp</dimen>
    <dimen name="DIMEN_1200PX">750dp</dimen>
    <dimen name="DIMEN_1201PX">750.625dp</dimen>
    <dimen name="DIMEN_1202PX">751.25dp</dimen>
    <dimen name="DIMEN_1203PX">751.875dp</dimen>
    <dimen name="DIMEN_1204PX">752.5dp</dimen>
    <dimen name="DIMEN_1205PX">753.125dp</dimen>
    <dimen name="DIMEN_1206PX">753.75dp</dimen>
    <dimen name="DIMEN_1207PX">754.375dp</dimen>
    <dimen name="DIMEN_1208PX">755dp</dimen>
    <dimen name="DIMEN_1209PX">755.625dp</dimen>
    <dimen name="DIMEN_1210PX">756.25dp</dimen>
    <dimen name="DIMEN_1211PX">756.875dp</dimen>
    <dimen name="DIMEN_1212PX">757.5dp</dimen>
    <dimen name="DIMEN_1213PX">758.125dp</dimen>
    <dimen name="DIMEN_1214PX">758.75dp</dimen>
    <dimen name="DIMEN_1215PX">759.375dp</dimen>
    <dimen name="DIMEN_1216PX">760dp</dimen>
    <dimen name="DIMEN_1217PX">760.625dp</dimen>
    <dimen name="DIMEN_1218PX">761.25dp</dimen>
    <dimen name="DIMEN_1219PX">761.875dp</dimen>
    <dimen name="DIMEN_1220PX">762.5dp</dimen>
    <dimen name="DIMEN_1221PX">763.125dp</dimen>
    <dimen name="DIMEN_1222PX">763.75dp</dimen>
    <dimen name="DIMEN_1223PX">764.375dp</dimen>
    <dimen name="DIMEN_1224PX">765dp</dimen>
    <dimen name="DIMEN_1225PX">765.625dp</dimen>
    <dimen name="DIMEN_1226PX">766.25dp</dimen>
    <dimen name="DIMEN_1227PX">766.875dp</dimen>
    <dimen name="DIMEN_1228PX">767.5dp</dimen>
    <dimen name="DIMEN_1229PX">768.125dp</dimen>
    <dimen name="DIMEN_1230PX">768.75dp</dimen>
    <dimen name="DIMEN_1231PX">769.375dp</dimen>
    <dimen name="DIMEN_1232PX">770dp</dimen>
    <dimen name="DIMEN_1233PX">770.625dp</dimen>
    <dimen name="DIMEN_1234PX">771.25dp</dimen>
    <dimen name="DIMEN_1235PX">771.875dp</dimen>
    <dimen name="DIMEN_1236PX">772.5dp</dimen>
    <dimen name="DIMEN_1237PX">773.125dp</dimen>
    <dimen name="DIMEN_1238PX">773.75dp</dimen>
    <dimen name="DIMEN_1239PX">774.375dp</dimen>
    <dimen name="DIMEN_1240PX">775dp</dimen>
    <dimen name="DIMEN_1241PX">775.625dp</dimen>
    <dimen name="DIMEN_1242PX">776.25dp</dimen>
    <dimen name="DIMEN_1243PX">776.875dp</dimen>
    <dimen name="DIMEN_1244PX">777.5dp</dimen>
    <dimen name="DIMEN_1245PX">778.125dp</dimen>
    <dimen name="DIMEN_1246PX">778.75dp</dimen>
    <dimen name="DIMEN_1247PX">779.375dp</dimen>
    <dimen name="DIMEN_1248PX">780dp</dimen>
    <dimen name="DIMEN_1249PX">780.625dp</dimen>
    <dimen name="DIMEN_1250PX">781.25dp</dimen>
    <dimen name="DIMEN_1251PX">781.875dp</dimen>
    <dimen name="DIMEN_1252PX">782.5dp</dimen>
    <dimen name="DIMEN_1253PX">783.125dp</dimen>
    <dimen name="DIMEN_1254PX">783.75dp</dimen>
    <dimen name="DIMEN_1255PX">784.375dp</dimen>
    <dimen name="DIMEN_1256PX">785dp</dimen>
    <dimen name="DIMEN_1257PX">785.625dp</dimen>
    <dimen name="DIMEN_1258PX">786.25dp</dimen>
    <dimen name="DIMEN_1259PX">786.875dp</dimen>
    <dimen name="DIMEN_1260PX">787.5dp</dimen>
    <dimen name="DIMEN_1261PX">788.125dp</dimen>
    <dimen name="DIMEN_1262PX">788.75dp</dimen>
    <dimen name="DIMEN_1263PX">789.375dp</dimen>
    <dimen name="DIMEN_1264PX">790dp</dimen>
    <dimen name="DIMEN_1265PX">790.625dp</dimen>
    <dimen name="DIMEN_1266PX">791.25dp</dimen>
    <dimen name="DIMEN_1267PX">791.875dp</dimen>
    <dimen name="DIMEN_1268PX">792.5dp</dimen>
    <dimen name="DIMEN_1269PX">793.125dp</dimen>
    <dimen name="DIMEN_1270PX">793.75dp</dimen>
    <dimen name="DIMEN_1271PX">794.375dp</dimen>
    <dimen name="DIMEN_1272PX">795dp</dimen>
    <dimen name="DIMEN_1273PX">795.625dp</dimen>
    <dimen name="DIMEN_1274PX">796.25dp</dimen>
    <dimen name="DIMEN_1275PX">796.875dp</dimen>
    <dimen name="DIMEN_1276PX">797.5dp</dimen>
    <dimen name="DIMEN_1277PX">798.125dp</dimen>
    <dimen name="DIMEN_1278PX">798.75dp</dimen>
    <dimen name="DIMEN_1279PX">799.375dp</dimen>
    <dimen name="DIMEN_1280PX">800dp</dimen>
    <dimen name="DIMEN_1281PX">800.625dp</dimen>
    <dimen name="DIMEN_1282PX">801.25dp</dimen>
    <dimen name="DIMEN_1283PX">801.875dp</dimen>
    <dimen name="DIMEN_1284PX">802.5dp</dimen>
    <dimen name="DIMEN_1285PX">803.125dp</dimen>
    <dimen name="DIMEN_1286PX">803.75dp</dimen>
    <dimen name="DIMEN_1287PX">804.375dp</dimen>
    <dimen name="DIMEN_1288PX">805dp</dimen>
    <dimen name="DIMEN_1289PX">805.625dp</dimen>
    <dimen name="DIMEN_1290PX">806.25dp</dimen>
    <dimen name="DIMEN_1291PX">806.875dp</dimen>
    <dimen name="DIMEN_1292PX">807.5dp</dimen>
    <dimen name="DIMEN_1293PX">808.125dp</dimen>
    <dimen name="DIMEN_1294PX">808.75dp</dimen>
    <dimen name="DIMEN_1295PX">809.375dp</dimen>
    <dimen name="DIMEN_1296PX">810dp</dimen>
    <dimen name="DIMEN_1297PX">810.625dp</dimen>
    <dimen name="DIMEN_1298PX">811.25dp</dimen>
    <dimen name="DIMEN_1299PX">811.875dp</dimen>
    <dimen name="DIMEN_1300PX">812.5dp</dimen>
    <dimen name="DIMEN_1301PX">813.125dp</dimen>
    <dimen name="DIMEN_1302PX">813.75dp</dimen>
    <dimen name="DIMEN_1303PX">814.375dp</dimen>
    <dimen name="DIMEN_1304PX">815dp</dimen>
    <dimen name="DIMEN_1305PX">815.625dp</dimen>
    <dimen name="DIMEN_1306PX">816.25dp</dimen>
    <dimen name="DIMEN_1307PX">816.875dp</dimen>
    <dimen name="DIMEN_1308PX">817.5dp</dimen>
    <dimen name="DIMEN_1309PX">818.125dp</dimen>
    <dimen name="DIMEN_1310PX">818.75dp</dimen>
    <dimen name="DIMEN_1311PX">819.375dp</dimen>
    <dimen name="DIMEN_1312PX">820dp</dimen>
    <dimen name="DIMEN_1313PX">820.625dp</dimen>
    <dimen name="DIMEN_1314PX">821.25dp</dimen>
    <dimen name="DIMEN_1315PX">821.875dp</dimen>
    <dimen name="DIMEN_1316PX">822.5dp</dimen>
    <dimen name="DIMEN_1317PX">823.125dp</dimen>
    <dimen name="DIMEN_1318PX">823.75dp</dimen>
    <dimen name="DIMEN_1319PX">824.375dp</dimen>
    <dimen name="DIMEN_1320PX">825dp</dimen>
    <dimen name="DIMEN_1321PX">825.625dp</dimen>
    <dimen name="DIMEN_1322PX">826.25dp</dimen>
    <dimen name="DIMEN_1323PX">826.875dp</dimen>
    <dimen name="DIMEN_1324PX">827.5dp</dimen>
    <dimen name="DIMEN_1325PX">828.125dp</dimen>
    <dimen name="DIMEN_1326PX">828.75dp</dimen>
    <dimen name="DIMEN_1327PX">829.375dp</dimen>
    <dimen name="DIMEN_1328PX">830dp</dimen>
    <dimen name="DIMEN_1329PX">830.625dp</dimen>
    <dimen name="DIMEN_1330PX">831.25dp</dimen>
    <dimen name="DIMEN_1331PX">831.875dp</dimen>
    <dimen name="DIMEN_1332PX">832.5dp</dimen>
    <dimen name="DIMEN_1333PX">833.125dp</dimen>
    <dimen name="DIMEN_1334PX">833.75dp</dimen>
    <dimen name="DIMEN_1335PX">834.375dp</dimen>
    <dimen name="DIMEN_1336PX">835dp</dimen>
    <dimen name="DIMEN_1337PX">835.625dp</dimen>
    <dimen name="DIMEN_1338PX">836.25dp</dimen>
    <dimen name="DIMEN_1339PX">836.875dp</dimen>
    <dimen name="DIMEN_1340PX">837.5dp</dimen>
    <dimen name="DIMEN_1341PX">838.125dp</dimen>
    <dimen name="DIMEN_1342PX">838.75dp</dimen>
    <dimen name="DIMEN_1343PX">839.375dp</dimen>
    <dimen name="DIMEN_1344PX">840dp</dimen>
    <dimen name="DIMEN_1345PX">840.625dp</dimen>
    <dimen name="DIMEN_1346PX">841.25dp</dimen>
    <dimen name="DIMEN_1347PX">841.875dp</dimen>
    <dimen name="DIMEN_1348PX">842.5dp</dimen>
    <dimen name="DIMEN_1349PX">843.125dp</dimen>
    <dimen name="DIMEN_1350PX">843.75dp</dimen>
    <dimen name="DIMEN_1351PX">844.375dp</dimen>
    <dimen name="DIMEN_1352PX">845dp</dimen>
    <dimen name="DIMEN_1353PX">845.625dp</dimen>
    <dimen name="DIMEN_1354PX">846.25dp</dimen>
    <dimen name="DIMEN_1355PX">846.875dp</dimen>
    <dimen name="DIMEN_1356PX">847.5dp</dimen>
    <dimen name="DIMEN_1357PX">848.125dp</dimen>
    <dimen name="DIMEN_1358PX">848.75dp</dimen>
    <dimen name="DIMEN_1359PX">849.375dp</dimen>
    <dimen name="DIMEN_1360PX">850dp</dimen>
    <dimen name="DIMEN_1361PX">850.625dp</dimen>
    <dimen name="DIMEN_1362PX">851.25dp</dimen>
    <dimen name="DIMEN_1363PX">851.875dp</dimen>
    <dimen name="DIMEN_1364PX">852.5dp</dimen>
    <dimen name="DIMEN_1365PX">853.125dp</dimen>
    <dimen name="DIMEN_1366PX">853.75dp</dimen>
    <dimen name="DIMEN_1367PX">854.375dp</dimen>
    <dimen name="DIMEN_1368PX">855dp</dimen>
    <dimen name="DIMEN_1369PX">855.625dp</dimen>
    <dimen name="DIMEN_1370PX">856.25dp</dimen>
    <dimen name="DIMEN_1371PX">856.875dp</dimen>
    <dimen name="DIMEN_1372PX">857.5dp</dimen>
    <dimen name="DIMEN_1373PX">858.125dp</dimen>
    <dimen name="DIMEN_1374PX">858.75dp</dimen>
    <dimen name="DIMEN_1375PX">859.375dp</dimen>
    <dimen name="DIMEN_1376PX">860dp</dimen>
    <dimen name="DIMEN_1377PX">860.625dp</dimen>
    <dimen name="DIMEN_1378PX">861.25dp</dimen>
    <dimen name="DIMEN_1379PX">861.875dp</dimen>
    <dimen name="DIMEN_1380PX">862.5dp</dimen>
    <dimen name="DIMEN_1381PX">863.125dp</dimen>
    <dimen name="DIMEN_1382PX">863.75dp</dimen>
    <dimen name="DIMEN_1383PX">864.375dp</dimen>
    <dimen name="DIMEN_1384PX">865dp</dimen>
    <dimen name="DIMEN_1385PX">865.625dp</dimen>
    <dimen name="DIMEN_1386PX">866.25dp</dimen>
    <dimen name="DIMEN_1387PX">866.875dp</dimen>
    <dimen name="DIMEN_1388PX">867.5dp</dimen>
    <dimen name="DIMEN_1389PX">868.125dp</dimen>
    <dimen name="DIMEN_1390PX">868.75dp</dimen>
    <dimen name="DIMEN_1391PX">869.375dp</dimen>
    <dimen name="DIMEN_1392PX">870dp</dimen>
    <dimen name="DIMEN_1393PX">870.625dp</dimen>
    <dimen name="DIMEN_1394PX">871.25dp</dimen>
    <dimen name="DIMEN_1395PX">871.875dp</dimen>
    <dimen name="DIMEN_1396PX">872.5dp</dimen>
    <dimen name="DIMEN_1397PX">873.125dp</dimen>
    <dimen name="DIMEN_1398PX">873.75dp</dimen>
    <dimen name="DIMEN_1399PX">874.375dp</dimen>
    <dimen name="DIMEN_1400PX">875dp</dimen>

</resources>
